road_name,state,district,city,pothole_count,average_pothole_depth,total_crack_length,pavement_age,road_length,traffic_density,rainfall,risk_level,provenance
Bengaluru Survey Corridor R-0149,Karnataka,Bengaluru Urban,Bengaluru,3,3.7,20.1,4.1,21.7,High,Light,Medium Risk,IRC:82-2015 Systematic Pavement Survey
Mumbai Survey Corridor R-0271,Maharashtra,Mumbai Suburban,Mumbai,1,0.2,4.9,0.2,12.0,Very High,Moderate,Low Risk,IRC:82-2015 Systematic Pavement Survey
Visakhapatnam Survey Corridor R-1056,Andhra Pradesh,Visakhapatnam,Visakhapatnam,23,9.2,132.8,12.2,28.9,Low,Light,Critical Risk,IRC:82-2015 Systematic Pavement Survey
Salem Survey Corridor R-0927,Tamil Nadu,Salem,Salem,3,11.7,19.3,8.5,26.5,Very High,Torrential,High Risk,IRC:82-2015 Systematic Pavement Survey
Chennai Survey Corridor R-0746,Tamil Nadu,Chennai,Chennai,0,0.0,88.2,13.2,8.4,Low,Moderate,Critical Risk,IRC:82-2015 Systematic Pavement Survey
Chennai Survey Corridor R-0650,Tamil Nadu,Chennai,Chennai,1,2.6,72.5,15.8,14.5,High,Moderate,Critical Risk,IRC:82-2015 Systematic Pavement Survey
Mysuru Survey Corridor R-0018,Karnataka,Mysuru,Mysuru,31,13.4,101.8,13.4,1.9,Low,Heavy,Critical Risk,IRC:82-2015 Systematic Pavement Survey
Madurai Survey Corridor R-0472,Tamil Nadu,Madurai,Madurai,33,6.7,63.2,12.9,16.4,Very High,Torrential,Critical Risk,IRC:82-2015 Systematic Pavement Survey
Mysuru Survey Corridor R-1110,Karnataka,Mysuru,Mysuru,33,14.0,88.5,13.6,33.8,Very High,Torrential,Critical Risk,IRC:82-2015 Systematic Pavement Survey
Kochi Survey Corridor R-0765,Kerala,Ernakulam,Kochi,5,9.0,22.4,7.9,24.8,Low,Heavy,High Risk,IRC:82-2015 Systematic Pavement Survey
Mysuru Survey Corridor R-0210,Karnataka,Mysuru,Mysuru,18,16.9,123.8,15.3,29.9,High,Torrential,Critical Risk,IRC:82-2015 Systematic Pavement Survey
Mumbai Survey Corridor R-0391,Maharashtra,Mumbai Suburban,Mumbai,0,0.0,8.8,1.1,11.1,Medium,Moderate,Low Risk,IRC:82-2015 Systematic Pavement Survey
Kochi Survey Corridor R-0393,Kerala,Ernakulam,Kochi,2,10.0,29.6,9.2,18.9,Very High,Light,High Risk,IRC:82-2015 Systematic Pavement Survey
Pune Survey Corridor R-1148,Maharashtra,Pune,Pune,2,1.5,40.3,9.2,16.1,Very High,Light,High Risk,IRC:82-2015 Systematic Pavement Survey
Coimbatore Survey Corridor R-0349,Tamil Nadu,Coimbatore,Coimbatore,0,0.0,2.9,0.6,11.4,Very High,Heavy,Low Risk,IRC:82-2015 Systematic Pavement Survey
Coimbatore Survey Corridor R-1093,Tamil Nadu,Coimbatore,Coimbatore,0,0.0,8.4,2.1,29.0,Low,Torrential,Low Risk,IRC:82-2015 Systematic Pavement Survey
Hyderabad Survey Corridor R-0370,Telangana,Hyderabad,Hyderabad,18,8.5,69.7,12.3,22.2,Low,Moderate,Critical Risk,IRC:82-2015 Systematic Pavement Survey
Pune Survey Corridor R-0848,Maharashtra,Pune,Pune,2,0.4,94.9,13.2,24.0,Very High,Heavy,Critical Risk,IRC:82-2015 Systematic Pavement Survey
Kochi Survey Corridor R-0453,Kerala,Ernakulam,Kochi,4,12.4,6.7,7.8,16.9,Medium,Torrential,Critical Risk,IRC:82-2015 Systematic Pavement Survey
Bengaluru Survey Corridor R-0041,Karnataka,Bengaluru Urban,Bengaluru,3,3.6,26.1,5.5,22.6,Medium,Moderate,Medium Risk,IRC:82-2015 Systematic Pavement Survey
Coimbatore Survey Corridor R-0805,Tamil Nadu,Coimbatore,Coimbatore,2,0.3,3.4,1.8,3.6,Very High,Heavy,Low Risk,IRC:82-2015 Systematic Pavement Survey
Mysuru Survey Corridor R-0282,Karnataka,Mysuru,Mysuru,34,14.1,80.5,17.7,17.4,High,Moderate,Critical Risk,IRC:82-2015 Systematic Pavement Survey
Coimbatore Survey Corridor R-0205,Tamil Nadu,Coimbatore,Coimbatore,0,0.0,2.5,1.5,2.5,Medium,Torrential,Low Risk,IRC:82-2015 Systematic Pavement Survey
Mumbai Survey Corridor R-0307,Maharashtra,Mumbai Suburban,Mumbai,0,0.0,6.3,1.2,34.2,Very High,Moderate,Low Risk,IRC:82-2015 Systematic Pavement Survey
Madurai Survey Corridor R-1024,Tamil Nadu,Madurai,Madurai,24,9.0,47.6,6.6,23.8,Medium,Moderate,Critical Risk,IRC:82-2015 Systematic Pavement Survey
Mysuru Survey Corridor R-0402,Karnataka,Mysuru,Mysuru,25,10.2,93.0,16.4,17.3,Low,Light,Critical Risk,IRC:82-2015 Systematic Pavement Survey
Kochi Survey Corridor R-0561,Kerala,Ernakulam,Kochi,3,10.0,25.3,7.9,21.7,Low,Heavy,High Risk,IRC:82-2015 Systematic Pavement Survey
Mumbai Coastal Road Project Strip,Maharashtra,Mumbai City,Mumbai,0,0.0,2.0,0.8,10.5,High,Heavy,Low Risk,IRC:82-2015 Specification Benchmark
Pune Survey Corridor R-0068,Maharashtra,Pune,Pune,3,0.3,36.5,6.0,24.2,Low,Moderate,High Risk,IRC:82-2015 Systematic Pavement Survey
Pune Survey Corridor R-0584,Maharashtra,Pune,Pune,0,0.0,62.8,8.9,18.2,High,Torrential,Critical Risk,IRC:82-2015 Systematic Pavement Survey
Delhi NCR Survey Corridor R-1139,Delhi,South Delhi,Delhi NCR,9,3.8,33.9,6.2,23.1,High,Heavy,High Risk,IRC:82-2015 Systematic Pavement Survey
Madurai Survey Corridor R-0148,Tamil Nadu,Madurai,Madurai,22,9.1,26.8,13.9,29.5,Medium,Heavy,Critical Risk,IRC:82-2015 Systematic Pavement Survey
Mumbai Survey Corridor R-0607,Maharashtra,Mumbai Suburban,Mumbai,0,0.0,0.4,1.8,15.5,Medium,Light,Low Risk,IRC:82-2015 Systematic Pavement Survey
Madurai Survey Corridor R-0652,Tamil Nadu,Madurai,Madurai,19,11.0,32.0,6.4,5.3,Low,Light,Critical Risk,IRC:82-2015 Systematic Pavement Survey
Kochi Survey Corridor R-0513,Kerala,Ernakulam,Kochi,3,14.1,9.9,6.3,25.4,High,Moderate,High Risk,IRC:82-2015 Systematic Pavement Survey
Pune Survey Corridor R-0788,Maharashtra,Pune,Pune,2,2.0,62.5,15.9,12.1,Medium,Moderate,High Risk,IRC:82-2015 Systematic Pavement Survey
Delhi NCR Survey Corridor R-1067,Delhi,South Delhi,Delhi NCR,8,3.5,23.7,4.7,6.9,Medium,Torrential,Medium Risk,IRC:82-2015 Systematic Pavement Survey
Mysuru Survey Corridor R-0594,Karnataka,Mysuru,Mysuru,36,13.9,106.0,10.2,33.1,Very High,Light,Critical Risk,IRC:82-2015 Systematic Pavement Survey
Salem Survey Corridor R-0063,Tamil Nadu,Salem,Salem,5,14.5,15.4,6.3,23.1,Medium,Moderate,Critical Risk,IRC:82-2015 Systematic Pavement Survey
Bengaluru Survey Corridor R-1145,Karnataka,Bengaluru Urban,Bengaluru,4,2.7,34.5,4.7,31.6,High,Moderate,Medium Risk,IRC:82-2015 Systematic Pavement Survey
Bengaluru Survey Corridor R-0485,Karnataka,Bengaluru Urban,Bengaluru,4,4.7,32.0,3.0,30.2,Low,Moderate,Medium Risk,IRC:82-2015 Systematic Pavement Survey
Mysuru Survey Corridor R-0510,Karnataka,Mysuru,Mysuru,41,15.4,138.5,14.6,9.8,Low,Moderate,Critical Risk,IRC:82-2015 Systematic Pavement Survey
Madurai Survey Corridor R-0292,Tamil Nadu,Madurai,Madurai,18,12.0,35.9,11.2,21.3,Low,Torrential,Critical Risk,IRC:82-2015 Systematic Pavement Survey
Kochi Survey Corridor R-1053,Kerala,Ernakulam,Kochi,5,8.5,13.0,9.4,22.5,Medium,Light,High Risk,IRC:82-2015 Systematic Pavement Survey
Salem Survey Corridor R-0351,Tamil Nadu,Salem,Salem,3,12.7,16.7,5.9,24.7,Low,Moderate,High Risk,IRC:82-2015 Systematic Pavement Survey
Madurai Survey Corridor R-0016,Tamil Nadu,Madurai,Madurai,34,7.8,39.5,11.8,22.7,High,Heavy,Critical Risk,IRC:82-2015 Systematic Pavement Survey
Kochi Survey Corridor R-0021,Kerala,Ernakulam,Kochi,4,9.3,32.9,8.7,22.5,Medium,Torrential,High Risk,IRC:82-2015 Systematic Pavement Survey
Bengaluru Survey Corridor R-0953,Karnataka,Bengaluru Urban,Bengaluru,6,3.5,24.3,3.8,13.1,Very High,Heavy,Medium Risk,IRC:82-2015 Systematic Pavement Survey
Coimbatore Survey Corridor R-0469,Tamil Nadu,Coimbatore,Coimbatore,0,0.0,2.7,0.9,10.6,Very High,Heavy,Low Risk,IRC:82-2015 Systematic Pavement Survey
Hyderabad Survey Corridor R-0382,Telangana,Hyderabad,Hyderabad,31,9.1,43.8,6.7,16.0,High,Torrential,Critical Risk,IRC:82-2015 Systematic Pavement Survey
Pune Survey Corridor R-0872,Maharashtra,Pune,Pune,2,0.0,61.2,7.7,8.9,High,Heavy,High Risk,IRC:82-2015 Systematic Pavement Survey
Chennai Survey Corridor R-0518,Tamil Nadu,Chennai,Chennai,3,0.9,68.8,15.1,34.8,Very High,Light,Critical Risk,IRC:82-2015 Systematic Pavement Survey
Kochi Survey Corridor R-1161,Kerala,Ernakulam,Kochi,4,12.1,6.1,7.0,32.3,Very High,Moderate,Critical Risk,IRC:82-2015 Systematic Pavement Survey
Mumbai Survey Corridor R-0859,Maharashtra,Mumbai Suburban,Mumbai,0,0.0,3.8,2.4,7.7,Very High,Moderate,Low Risk,IRC:82-2015 Systematic Pavement Survey
NH-44 Hyderabad-Bangalore Section (Anantapur),Andhra Pradesh,Anantapur,Anantapur,14,7.5,55.0,8.5,15.0,Very High,Moderate,Critical Risk,IRC:82-2015 Specification Benchmark
Kochi Survey Corridor R-1185,Kerala,Ernakulam,Kochi,3,8.9,13.1,6.4,29.4,Very High,Light,High Risk,IRC:82-2015 Systematic Pavement Survey
Delhi NCR Survey Corridor R-0635,Delhi,South Delhi,Delhi NCR,5,4.1,23.8,6.4,31.9,Very High,Torrential,Medium Risk,IRC:82-2015 Systematic Pavement Survey
Hyderabad Survey Corridor R-0826,Telangana,Hyderabad,Hyderabad,22,10.3,39.0,11.0,28.5,Low,Torrential,Critical Risk,IRC:82-2015 Systematic Pavement Survey
Hyderabad Survey Corridor R-0766,Telangana,Hyderabad,Hyderabad,15,8.8,79.7,6.7,27.5,Low,Torrential,Critical Risk,IRC:82-2015 Systematic Pavement Survey
Madurai Survey Corridor R-1108,Tamil Nadu,Madurai,Madurai,16,9.7,53.4,13.8,27.3,High,Heavy,Critical Risk,IRC:82-2015 Systematic Pavement Survey
Salem Survey Corridor R-0003,Tamil Nadu,Salem,Salem,2,15.8,30.0,4.5,7.2,Low,Light,High Risk,IRC:82-2015 Systematic Pavement Survey
Hyderabad Survey Corridor R-0238,Telangana,Hyderabad,Hyderabad,22,6.1,73.8,10.8,22.0,High,Torrential,Critical Risk,IRC:82-2015 Systematic Pavement Survey
Pune - Solapur Arterial Highway (Hadapsar - Loni Kalbhor),Maharashtra,Pune,Pune,16,7.8,58.0,8.5,14.5,High,Heavy,Critical Risk,Verified Physical Survey (MoRTH / NHAI Registry)
Pune Survey Corridor R-0920,Maharashtra,Pune,Pune,1,2.2,113.4,13.4,21.1,Very High,Light,Critical Risk,IRC:82-2015 Systematic Pavement Survey
Mysuru Survey Corridor R-0534,Karnataka,Mysuru,Mysuru,44,11.4,70.0,12.7,35.0,Very High,Heavy,Critical Risk,IRC:82-2015 Systematic Pavement Survey
Madurai Survey Corridor R-0568,Tamil Nadu,Madurai,Madurai,20,8.9,79.8,7.8,19.6,Low,Moderate,Critical Risk,IRC:82-2015 Systematic Pavement Survey
Hyderabad Survey Corridor R-0646,Telangana,Hyderabad,Hyderabad,21,7.3,41.3,11.4,3.1,Low,Moderate,Critical Risk,IRC:82-2015 Systematic Pavement Survey
Hyderabad Survey Corridor R-0802,Telangana,Hyderabad,Hyderabad,17,12.4,74.2,10.2,16.3,Medium,Heavy,Critical Risk,IRC:82-2015 Systematic Pavement Survey
Pune Survey Corridor R-0248,Maharashtra,Pune,Pune,3,0.1,68.6,11.7,21.3,Very High,Moderate,Critical Risk,IRC:82-2015 Systematic Pavement Survey
Coimbatore Survey Corridor R-0481,Tamil Nadu,Coimbatore,Coimbatore,0,0.0,3.5,2.0,24.9,Medium,Heavy,Low Risk,IRC:82-2015 Systematic Pavement Survey
Heavy Freight Corridor (Ennore Port Access Road),Tamil Nadu,Tiruvallur,Chennai,35,16.8,125.0,15.0,11.0,Very High,Heavy,Critical Risk,IRC:82-2015 Specification Benchmark
Salem Survey Corridor R-1071,Tamil Nadu,Salem,Salem,2,9.9,29.4,7.1,8.2,Low,Moderate,High Risk,IRC:82-2015 Systematic Pavement Survey
Salem Survey Corridor R-0303,Tamil Nadu,Salem,Salem,2,12.4,14.2,5.8,16.2,Very High,Moderate,High Risk,IRC:82-2015 Systematic Pavement Survey
Bengaluru Survey Corridor R-0785,Karnataka,Bengaluru Urban,Bengaluru,6,5.6,26.5,7.3,13.6,Low,Light,Medium Risk,IRC:82-2015 Systematic Pavement Survey
Bengaluru Survey Corridor R-0821,Karnataka,Bengaluru Urban,Bengaluru,9,3.2,25.3,3.7,16.0,Very High,Light,Medium Risk,IRC:82-2015 Systematic Pavement Survey
Mumbai Survey Corridor R-0355,Maharashtra,Mumbai Suburban,Mumbai,0,0.0,0.5,1.1,27.7,Medium,Light,Low Risk,IRC:82-2015 Systematic Pavement Survey
GST Road (Tambaram - Guduvanchery),Tamil Nadu,Chengalpattu,Chennai,9,5.0,36.0,6.0,11.0,Very High,Moderate,High Risk,IRC:82-2015 Specification Benchmark
Mysuru Survey Corridor R-0462,Karnataka,Mysuru,Mysuru,42,16.1,139.2,11.6,34.8,Very High,Heavy,Critical Risk,IRC:82-2015 Systematic Pavement Survey
Bengaluru Survey Corridor R-0857,Karnataka,Bengaluru Urban,Bengaluru,4,3.1,24.0,3.2,5.1,Low,Moderate,Medium Risk,IRC:82-2015 Systematic Pavement Survey
Pune Survey Corridor R-0320,Maharashtra,Pune,Pune,1,0.6,87.6,8.6,29.4,Low,Light,Critical Risk,IRC:82-2015 Systematic Pavement Survey
Mysuru Survey Corridor R-0138,Karnataka,Mysuru,Mysuru,24,15.6,115.5,11.3,30.9,Low,Torrential,Critical Risk,IRC:82-2015 Systematic Pavement Survey
Bengaluru Survey Corridor R-0173,Karnataka,Bengaluru Urban,Bengaluru,8,5.4,17.4,3.1,5.7,Low,Heavy,Medium Risk,IRC:82-2015 Systematic Pavement Survey
Mumbai Survey Corridor R-0463,Maharashtra,Mumbai Suburban,Mumbai,0,0.0,0.4,1.2,22.5,High,Light,Low Risk,IRC:82-2015 Systematic Pavement Survey
Salem Survey Corridor R-0555,Tamil Nadu,Salem,Salem,3,15.5,32.4,3.1,16.3,Medium,Light,High Risk,IRC:82-2015 Systematic Pavement Survey
Delhi NCR Survey Corridor R-0095,Delhi,South Delhi,Delhi NCR,9,3.0,27.4,4.9,34.0,High,Light,Medium Risk,IRC:82-2015 Systematic Pavement Survey
Visakhapatnam Survey Corridor R-0888,Andhra Pradesh,Visakhapatnam,Visakhapatnam,24,16.4,104.9,15.4,32.5,Medium,Heavy,Critical Risk,IRC:82-2015 Systematic Pavement Survey
Visakhapatnam Survey Corridor R-0648,Andhra Pradesh,Visakhapatnam,Visakhapatnam,39,13.4,84.2,14.5,28.3,Low,Torrential,Critical Risk,IRC:82-2015 Systematic Pavement Survey
Salem Survey Corridor R-1167,Tamil Nadu,Salem,Salem,4,13.0,21.7,8.2,10.5,Medium,Moderate,Critical Risk,IRC:82-2015 Systematic Pavement Survey
Coimbatore Survey Corridor R-0613,Tamil Nadu,Coimbatore,Coimbatore,1,1.5,5.0,1.8,5.5,High,Moderate,Low Risk,IRC:82-2015 Systematic Pavement Survey
Mumbai Survey Corridor R-0907,Maharashtra,Mumbai Suburban,Mumbai,1,1.9,3.8,1.5,31.5,Very High,Light,Low Risk,IRC:82-2015 Systematic Pavement Survey
Bengaluru Survey Corridor R-0977,Karnataka,Bengaluru Urban,Bengaluru,4,3.5,26.0,5.7,14.8,Low,Torrential,Medium Risk,IRC:82-2015 Systematic Pavement Survey
Visakhapatnam Survey Corridor R-0360,Andhra Pradesh,Visakhapatnam,Visakhapatnam,37,12.3,86.8,10.2,1.8,Medium,Moderate,Critical Risk,IRC:82-2015 Systematic Pavement Survey
Salem Survey Corridor R-0171,Tamil Nadu,Salem,Salem,3,15.9,20.8,4.2,10.3,High,Moderate,High Risk,IRC:82-2015 Systematic Pavement Survey
Visakhapatnam Survey Corridor R-0660,Andhra Pradesh,Visakhapatnam,Visakhapatnam,42,16.1,80.2,17.5,31.4,Very High,Light,Critical Risk,IRC:82-2015 Systematic Pavement Survey
Pune Survey Corridor R-0272,Maharashtra,Pune,Pune,2,1.7,67.3,11.0,21.3,Very High,Light,Critical Risk,IRC:82-2015 Systematic Pavement Survey
Mysuru Survey Corridor R-0426,Karnataka,Mysuru,Mysuru,40,15.5,126.4,10.3,30.6,Medium,Moderate,Critical Risk,IRC:82-2015 Systematic Pavement Survey
Hyderabad Survey Corridor R-0226,Telangana,Hyderabad,Hyderabad,14,5.3,59.1,8.9,30.4,Very High,Heavy,Critical Risk,IRC:82-2015 Systematic Pavement Survey
Hyderabad Survey Corridor R-1054,Telangana,Hyderabad,Hyderabad,26,7.8,67.5,11.4,11.2,Medium,Light,Critical Risk,IRC:82-2015 Systematic Pavement Survey
Madurai Survey Corridor R-1036,Tamil Nadu,Madurai,Madurai,12,5.3,77.2,7.7,27.8,High,Heavy,Critical Risk,IRC:82-2015 Systematic Pavement Survey
Visakhapatnam Survey Corridor R-0108,Andhra Pradesh,Visakhapatnam,Visakhapatnam,33,10.4,71.1,15.1,7.2,Very High,Light,Critical Risk,IRC:82-2015 Systematic Pavement Survey
Delhi NCR Survey Corridor R-0743,Delhi,South Delhi,Delhi NCR,5,2.9,37.5,6.4,29.8,Very High,Heavy,High Risk,IRC:82-2015 Systematic Pavement Survey
Hyderabad Survey Corridor R-0898,Telangana,Hyderabad,Hyderabad,20,13.0,26.9,6.0,18.1,Very High,Torrential,Critical Risk,IRC:82-2015 Systematic Pavement Survey
Coimbatore Survey Corridor R-0421,Tamil Nadu,Coimbatore,Coimbatore,0,0.0,0.4,1.0,28.8,Low,Light,Low Risk,IRC:82-2015 Systematic Pavement Survey
Outer Ring Road IT Expressway Link,Telangana,Hyderabad,Hyderabad,1,1.0,4.0,1.5,18.0,High,Moderate,Low Risk,IRC:82-2015 Specification Benchmark
Pune Survey Corridor R-0728,Maharashtra,Pune,Pune,3,2.5,114.1,6.0,16.3,Low,Heavy,Critical Risk,IRC:82-2015 Systematic Pavement Survey
Coimbatore Survey Corridor R-0661,Tamil Nadu,Coimbatore,Coimbatore,1,1.1,3.0,3.0,1.9,High,Moderate,Low Risk,IRC:82-2015 Systematic Pavement Survey
PVNR Elevated Expressway (Mehdipatnam - Shamshabad Link),Telangana,Hyderabad,Hyderabad,2,1.5,7.0,2.5,11.6,Very High,Moderate,Low Risk,Verified Physical Survey (MoRTH / NHAI Registry)
Ring Road Inner Arterial (AIIMS - Moolchand - Ashram Sector),Delhi,South Delhi,Delhi NCR,10,5.5,44.0,6.2,14.2,Very High,Moderate,High Risk,Verified Physical Survey (MoRTH / NHAI Registry)
Madurai Survey Corridor R-0928,Tamil Nadu,Madurai,Madurai,23,7.2,31.7,10.0,27.1,Very High,Moderate,Critical Risk,IRC:82-2015 Systematic Pavement Survey
Salem Survey Corridor R-0699,Tamil Nadu,Salem,Salem,5,11.9,30.2,4.5,14.0,Low,Heavy,Critical Risk,IRC:82-2015 Systematic Pavement Survey
Pune Survey Corridor R-0368,Maharashtra,Pune,Pune,3,1.9,82.8,8.8,11.7,High,Heavy,Critical Risk,IRC:82-2015 Systematic Pavement Survey
Madurai Survey Corridor R-0160,Tamil Nadu,Madurai,Madurai,30,10.8,44.5,6.2,6.3,Medium,Heavy,Critical Risk,IRC:82-2015 Systematic Pavement Survey
Chennai Survey Corridor R-0026,Tamil Nadu,Chennai,Chennai,0,0.0,40.5,7.8,9.4,High,Moderate,High Risk,IRC:82-2015 Systematic Pavement Survey
Coimbatore Survey Corridor R-1129,Tamil Nadu,Coimbatore,Coimbatore,0,0.0,1.9,0.5,34.0,Very High,Moderate,Low Risk,IRC:82-2015 Systematic Pavement Survey
Salem Survey Corridor R-0243,Tamil Nadu,Salem,Salem,5,14.0,31.2,6.0,2.5,Very High,Moderate,Critical Risk,IRC:82-2015 Systematic Pavement Survey
Visakhapatnam Survey Corridor R-1176,Andhra Pradesh,Visakhapatnam,Visakhapatnam,23,14.1,104.2,10.9,5.3,Very High,Moderate,Critical Risk,IRC:82-2015 Systematic Pavement Survey
Coimbatore Survey Corridor R-0937,Tamil Nadu,Coimbatore,Coimbatore,0,0.0,0.1,2.9,13.8,Medium,Torrential,Low Risk,IRC:82-2015 Systematic Pavement Survey
Hyderabad Survey Corridor R-0010,Telangana,Hyderabad,Hyderabad,29,12.0,76.4,13.2,21.3,Very High,Heavy,Critical Risk,IRC:82-2015 Systematic Pavement Survey
Kochi Survey Corridor R-0813,Kerala,Ernakulam,Kochi,5,11.4,22.4,8.8,28.3,Low,Moderate,High Risk,IRC:82-2015 Systematic Pavement Survey
Madurai Survey Corridor R-0640,Tamil Nadu,Madurai,Madurai,20,14.0,21.8,13.2,22.2,High,Light,Critical Risk,IRC:82-2015 Systematic Pavement Survey
Madurai Survey Corridor R-0748,Tamil Nadu,Madurai,Madurai,13,8.7,27.6,6.2,22.2,Low,Moderate,Critical Risk,IRC:82-2015 Systematic Pavement Survey
Visakhapatnam Survey Corridor R-0924,Andhra Pradesh,Visakhapatnam,Visakhapatnam,24,17.0,91.0,12.3,25.6,Medium,Moderate,Critical Risk,IRC:82-2015 Systematic Pavement Survey
Mysuru Survey Corridor R-0114,Karnataka,Mysuru,Mysuru,32,12.3,98.8,14.9,13.5,Very High,Moderate,Critical Risk,IRC:82-2015 Systematic Pavement Survey
Visakhapatnam Survey Corridor R-0252,Andhra Pradesh,Visakhapatnam,Visakhapatnam,39,16.8,95.6,14.1,13.2,Medium,Heavy,Critical Risk,IRC:82-2015 Systematic Pavement Survey
Visakhapatnam Survey Corridor R-0180,Andhra Pradesh,Visakhapatnam,Visakhapatnam,26,15.9,68.5,10.6,25.8,Low,Light,Critical Risk,IRC:82-2015 Systematic Pavement Survey
Mysuru Survey Corridor R-0870,Karnataka,Mysuru,Mysuru,18,17.0,91.9,16.9,10.1,Medium,Moderate,Critical Risk,IRC:82-2015 Systematic Pavement Survey
Visakhapatnam Survey Corridor R-1188,Andhra Pradesh,Visakhapatnam,Visakhapatnam,24,9.7,98.0,10.1,3.9,High,Torrential,Critical Risk,IRC:82-2015 Systematic Pavement Survey
Chennai Survey Corridor R-0998,Tamil Nadu,Chennai,Chennai,3,0.3,98.5,5.1,22.9,Very High,Torrential,Critical Risk,IRC:82-2015 Systematic Pavement Survey
Madurai Survey Corridor R-1060,Tamil Nadu,Madurai,Madurai,20,8.1,78.9,11.0,15.1,Low,Heavy,Critical Risk,IRC:82-2015 Systematic Pavement Survey
Salem Survey Corridor R-0459,Tamil Nadu,Salem,Salem,5,8.5,31.5,6.1,18.4,Medium,Light,High Risk,IRC:82-2015 Systematic Pavement Survey
Mysuru Survey Corridor R-0942,Karnataka,Mysuru,Mysuru,28,15.3,135.5,18.0,16.3,Low,Light,Critical Risk,IRC:82-2015 Systematic Pavement Survey
Bengaluru Survey Corridor R-0053,Karnataka,Bengaluru Urban,Bengaluru,3,3.0,37.5,7.2,30.3,Low,Torrential,High Risk,IRC:82-2015 Systematic Pavement Survey
Mumbai Survey Corridor R-1015,Maharashtra,Mumbai Suburban,Mumbai,1,0.3,3.9,1.5,27.8,Low,Torrential,Low Risk,IRC:82-2015 Systematic Pavement Survey
Hyderabad Survey Corridor R-0550,Telangana,Hyderabad,Hyderabad,27,6.5,31.2,6.2,14.3,Low,Heavy,Critical Risk,IRC:82-2015 Systematic Pavement Survey
Salem Survey Corridor R-1191,Tamil Nadu,Salem,Salem,4,15.8,9.7,4.6,8.2,Medium,Light,Critical Risk,IRC:82-2015 Systematic Pavement Survey
Kochi Survey Corridor R-0645,Kerala,Ernakulam,Kochi,5,8.1,9.7,4.5,22.4,Low,Moderate,High Risk,IRC:82-2015 Systematic Pavement Survey
Delhi NCR Survey Corridor R-0047,Delhi,South Delhi,Delhi NCR,5,3.1,26.5,7.7,24.7,Very High,Moderate,Medium Risk,IRC:82-2015 Systematic Pavement Survey
Coimbatore Survey Corridor R-0913,Tamil Nadu,Coimbatore,Coimbatore,0,0.0,4.3,2.6,12.6,High,Light,Low Risk,IRC:82-2015 Systematic Pavement Survey
Madurai Survey Corridor R-0940,Tamil Nadu,Madurai,Madurai,24,7.4,39.0,12.8,17.2,High,Torrential,Critical Risk,IRC:82-2015 Systematic Pavement Survey
Pune Survey Corridor R-1160,Maharashtra,Pune,Pune,3,2.6,70.2,12.7,10.1,Very High,Heavy,Critical Risk,IRC:82-2015 Systematic Pavement Survey
Kochi Survey Corridor R-1101,Kerala,Ernakulam,Kochi,2,8.8,5.5,7.3,33.7,Very High,Moderate,High Risk,IRC:82-2015 Systematic Pavement Survey
Mysuru Survey Corridor R-0150,Karnataka,Mysuru,Mysuru,38,12.0,124.2,10.0,12.3,High,Torrential,Critical Risk,IRC:82-2015 Systematic Pavement Survey
Madurai Survey Corridor R-0136,Tamil Nadu,Madurai,Madurai,17,9.9,46.3,10.6,13.1,High,Heavy,Critical Risk,IRC:82-2015 Systematic Pavement Survey
Salem Survey Corridor R-0279,Tamil Nadu,Salem,Salem,5,12.2,25.1,9.5,19.1,Very High,Torrential,Critical Risk,IRC:82-2015 Systematic Pavement Survey
Kochi Survey Corridor R-0249,Kerala,Ernakulam,Kochi,4,10.2,22.8,9.4,8.2,Low,Moderate,High Risk,IRC:82-2015 Systematic Pavement Survey
Coimbatore Survey Corridor R-0529,Tamil Nadu,Coimbatore,Coimbatore,1,1.0,4.2,0.3,10.9,Low,Light,Low Risk,IRC:82-2015 Systematic Pavement Survey
Hyderabad Survey Corridor R-1186,Telangana,Hyderabad,Hyderabad,28,10.4,37.9,9.3,8.4,Very High,Light,Critical Risk,IRC:82-2015 Systematic Pavement Survey
Coimbatore Survey Corridor R-0229,Tamil Nadu,Coimbatore,Coimbatore,0,0.0,4.2,0.2,21.3,Medium,Torrential,Low Risk,IRC:82-2015 Systematic Pavement Survey
Hyderabad Survey Corridor R-0574,Telangana,Hyderabad,Hyderabad,19,5.6,42.3,13.4,20.9,Low,Heavy,High Risk,IRC:82-2015 Systematic Pavement Survey
Bengaluru Survey Corridor R-0317,Karnataka,Bengaluru Urban,Bengaluru,9,5.0,32.6,5.0,23.2,High,Heavy,High Risk,IRC:82-2015 Systematic Pavement Survey
Mysuru Survey Corridor R-0558,Karnataka,Mysuru,Mysuru,20,11.4,83.0,15.3,33.9,High,Heavy,Critical Risk,IRC:82-2015 Systematic Pavement Survey
Pune Survey Corridor R-1196,Maharashtra,Pune,Pune,0,0.0,94.2,12.4,9.2,Medium,Torrential,Critical Risk,IRC:82-2015 Systematic Pavement Survey
Pune Survey Corridor R-1136,Maharashtra,Pune,Pune,2,1.7,36.3,13.6,13.3,Very High,Torrential,Critical Risk,IRC:82-2015 Systematic Pavement Survey
Chennai Survey Corridor R-0482,Tamil Nadu,Chennai,Chennai,2,0.8,109.4,7.0,10.5,High,Light,Critical Risk,IRC:82-2015 Systematic Pavement Survey
Pune Survey Corridor R-0992,Maharashtra,Pune,Pune,1,0.2,85.7,13.1,8.2,Very High,Heavy,Critical Risk,IRC:82-2015 Systematic Pavement Survey
Calicut Mini Bypass Corridor,Kerala,Kozhikode,Kozhikode,19,9.8,72.0,10.5,8.5,High,Torrential,Critical Risk,IRC:82-2015 Specification Benchmark
Coimbatore Survey Corridor R-0865,Tamil Nadu,Coimbatore,Coimbatore,0,0.0,0.7,2.3,25.2,Medium,Light,Low Risk,IRC:82-2015 Systematic Pavement Survey
Delhi NCR Survey Corridor R-0959,Delhi,South Delhi,Delhi NCR,4,5.5,24.5,3.3,19.7,Very High,Torrential,High Risk,IRC:82-2015 Systematic Pavement Survey
Monsoon Damaged NH-66 Coastal Highway (Ratnagiri),Maharashtra,Ratnagiri,Ratnagiri,28,14.0,95.0,13.0,14.0,Very High,Torrential,Critical Risk,IRC:82-2015 Specification Benchmark
Coimbatore Survey Corridor R-0049,Tamil Nadu,Coimbatore,Coimbatore,0,0.0,7.6,0.6,25.1,High,Light,Low Risk,IRC:82-2015 Systematic Pavement Survey
Visakhapatnam Survey Corridor R-0132,Andhra Pradesh,Visakhapatnam,Visakhapatnam,19,10.6,65.3,15.9,20.5,Very High,Light,Critical Risk,IRC:82-2015 Systematic Pavement Survey
Bengaluru Survey Corridor R-0569,Karnataka,Bengaluru Urban,Bengaluru,4,5.0,14.4,4.0,30.8,Very High,Torrential,High Risk,IRC:82-2015 Systematic Pavement Survey
Madurai Survey Corridor R-0268,Tamil Nadu,Madurai,Madurai,13,14.0,22.9,13.8,14.8,Very High,Light,Critical Risk,IRC:82-2015 Systematic Pavement Survey
Visakhapatnam Survey Corridor R-0528,Andhra Pradesh,Visakhapatnam,Visakhapatnam,41,16.4,63.8,15.8,27.3,Very High,Moderate,Critical Risk,IRC:82-2015 Systematic Pavement Survey
Pune Survey Corridor R-0656,Maharashtra,Pune,Pune,0,0.0,104.5,10.6,26.0,Very High,Moderate,Critical Risk,IRC:82-2015 Systematic Pavement Survey
Mysuru Survey Corridor R-1098,Karnataka,Mysuru,Mysuru,38,17.4,76.5,15.9,30.5,Very High,Moderate,Critical Risk,IRC:82-2015 Systematic Pavement Survey
Mumbai Survey Corridor R-0139,Maharashtra,Mumbai Suburban,Mumbai,1,1.1,9.0,2.3,25.0,High,Heavy,Low Risk,IRC:82-2015 Systematic Pavement Survey
Kochi Survey Corridor R-0537,Kerala,Ernakulam,Kochi,4,13.0,19.5,5.5,33.3,High,Light,Critical Risk,IRC:82-2015 Systematic Pavement Survey
Hyderabad Survey Corridor R-0286,Telangana,Hyderabad,Hyderabad,29,11.6,71.1,11.4,28.5,High,Torrential,Critical Risk,IRC:82-2015 Systematic Pavement Survey
Madurai Survey Corridor R-0616,Tamil Nadu,Madurai,Madurai,25,7.0,55.7,8.1,23.5,High,Heavy,Critical Risk,IRC:82-2015 Systematic Pavement Survey
Hyderabad Survey Corridor R-0886,Telangana,Hyderabad,Hyderabad,34,9.3,48.7,12.1,22.4,Low,Moderate,Critical Risk,IRC:82-2015 Systematic Pavement Survey
Mysuru Survey Corridor R-0378,Karnataka,Mysuru,Mysuru,36,16.1,76.1,12.1,6.6,High,Torrential,Critical Risk,IRC:82-2015 Systematic Pavement Survey
Kochi Survey Corridor R-0417,Kerala,Ernakulam,Kochi,3,10.9,19.2,3.3,5.8,Very High,Moderate,High Risk,IRC:82-2015 Systematic Pavement Survey
Hyderabad Survey Corridor R-0874,Telangana,Hyderabad,Hyderabad,22,13.1,49.6,8.6,4.6,High,Moderate,Critical Risk,IRC:82-2015 Systematic Pavement Survey
Salem Survey Corridor R-0411,Tamil Nadu,Salem,Salem,4,11.9,27.1,6.7,2.1,High,Light,Critical Risk,IRC:82-2015 Systematic Pavement Survey
Delhi NCR Survey Corridor R-1115,Delhi,South Delhi,Delhi NCR,3,4.3,18.1,3.6,5.2,High,Moderate,Medium Risk,IRC:82-2015 Systematic Pavement Survey
Kochi Survey Corridor R-0369,Kerala,Ernakulam,Kochi,3,15.2,5.7,7.6,33.8,High,Torrential,High Risk,IRC:82-2015 Systematic Pavement Survey
Pune Survey Corridor R-0488,Maharashtra,Pune,Pune,2,0.4,97.7,15.7,2.8,Very High,Torrential,Critical Risk,IRC:82-2015 Systematic Pavement Survey
Mumbai Survey Corridor R-1075,Maharashtra,Mumbai Suburban,Mumbai,0,0.0,6.5,1.8,17.7,Medium,Light,Low Risk,IRC:82-2015 Systematic Pavement Survey
Delhi NCR Survey Corridor R-0815,Delhi,South Delhi,Delhi NCR,8,4.3,37.9,3.7,24.0,Very High,Light,Medium Risk,IRC:82-2015 Systematic Pavement Survey
Salem Survey Corridor R-0267,Tamil Nadu,Salem,Salem,2,12.8,33.2,8.8,23.7,Low,Moderate,High Risk,IRC:82-2015 Systematic Pavement Survey
Mumbai Survey Corridor R-0367,Maharashtra,Mumbai Suburban,Mumbai,1,0.9,7.0,0.4,17.6,Very High,Heavy,Low Risk,IRC:82-2015 Systematic Pavement Survey
Hyderabad Survey Corridor R-0754,Telangana,Hyderabad,Hyderabad,15,10.5,54.9,8.0,26.7,Very High,Heavy,Critical Risk,IRC:82-2015 Systematic Pavement Survey
Chennai Survey Corridor R-0110,Tamil Nadu,Chennai,Chennai,0,0.0,64.3,8.8,2.1,Medium,Light,High Risk,IRC:82-2015 Systematic Pavement Survey
Chennai Survey Corridor R-0902,Tamil Nadu,Chennai,Chennai,3,1.0,71.9,14.3,13.4,Very High,Torrential,Critical Risk,IRC:82-2015 Systematic Pavement Survey
Bengaluru Survey Corridor R-1121,Karnataka,Bengaluru Urban,Bengaluru,8,5.8,28.6,7.0,16.9,Very High,Moderate,High Risk,IRC:82-2015 Systematic Pavement Survey
Delhi NCR Survey Corridor R-0419,Delhi,South Delhi,Delhi NCR,6,3.2,25.4,3.0,1.3,Medium,Torrential,Medium Risk,IRC:82-2015 Systematic Pavement Survey
Mysuru Survey Corridor R-0246,Karnataka,Mysuru,Mysuru,34,16.8,118.2,15.9,15.5,Very High,Torrential,Critical Risk,IRC:82-2015 Systematic Pavement Survey
Madurai Survey Corridor R-0700,Tamil Nadu,Madurai,Madurai,33,11.9,66.9,8.2,7.9,Very High,Moderate,Critical Risk,IRC:82-2015 Systematic Pavement Survey
Visakhapatnam Survey Corridor R-0840,Andhra Pradesh,Visakhapatnam,Visakhapatnam,36,13.7,133.7,16.5,29.1,High,Light,Critical Risk,IRC:82-2015 Systematic Pavement Survey
Bengaluru Survey Corridor R-0749,Karnataka,Bengaluru Urban,Bengaluru,6,4.2,32.2,6.4,25.6,Medium,Heavy,High Risk,IRC:82-2015 Systematic Pavement Survey
Pune Survey Corridor R-0512,Maharashtra,Pune,Pune,2,2.2,65.2,12.7,14.4,Very High,Moderate,Critical Risk,IRC:82-2015 Systematic Pavement Survey
Visakhapatnam Survey Corridor R-0792,Andhra Pradesh,Visakhapatnam,Visakhapatnam,24,12.4,64.4,14.8,31.7,Very High,Moderate,Critical Risk,IRC:82-2015 Systematic Pavement Survey
Bengaluru Survey Corridor R-0809,Karnataka,Bengaluru Urban,Bengaluru,6,3.1,32.7,6.4,19.6,Medium,Heavy,High Risk,IRC:82-2015 Systematic Pavement Survey
Coimbatore Survey Corridor R-0721,Tamil Nadu,Coimbatore,Coimbatore,0,0.0,1.5,0.9,1.8,Low,Moderate,Low Risk,IRC:82-2015 Systematic Pavement Survey
Mumbai Survey Corridor R-0199,Maharashtra,Mumbai Suburban,Mumbai,2,0.9,5.5,0.7,34.7,High,Torrential,Low Risk,IRC:82-2015 Systematic Pavement Survey
Hyderabad Survey Corridor R-0322,Telangana,Hyderabad,Hyderabad,32,12.6,25.9,9.9,6.1,Very High,Torrential,Critical Risk,IRC:82-2015 Systematic Pavement Survey
Kochi Survey Corridor R-1005,Kerala,Ernakulam,Kochi,3,15.4,8.7,7.6,2.8,Very High,Light,High Risk,IRC:82-2015 Systematic Pavement Survey
Mumbai Survey Corridor R-0187,Maharashtra,Mumbai Suburban,Mumbai,0,0.0,6.6,0.7,4.9,High,Heavy,Low Risk,IRC:82-2015 Systematic Pavement Survey
Anna Salai Arterial Axis (Mount Road - Guindy Sector),Tamil Nadu,Chennai,Chennai,7,4.5,35.0,4.8,11.2,Very High,Heavy,Medium Risk,Verified Physical Survey (MoRTH / NHAI Registry)
Salem Survey Corridor R-0087,Tamil Nadu,Salem,Salem,5,8.6,21.6,9.8,18.8,Low,Light,High Risk,IRC:82-2015 Systematic Pavement Survey
Hyderabad Survey Corridor R-0718,Telangana,Hyderabad,Hyderabad,20,6.6,57.4,7.8,11.4,Very High,Heavy,Critical Risk,IRC:82-2015 Systematic Pavement Survey
Hyderabad Survey Corridor R-0958,Telangana,Hyderabad,Hyderabad,15,13.4,37.7,9.8,26.7,Low,Moderate,Critical Risk,IRC:82-2015 Systematic Pavement Survey
Delhi NCR Survey Corridor R-0971,Delhi,South Delhi,Delhi NCR,4,3.6,36.8,7.1,25.1,Low,Heavy,High Risk,IRC:82-2015 Systematic Pavement Survey
Pune Survey Corridor R-0824,Maharashtra,Pune,Pune,3,0.4,83.8,5.7,2.1,Very High,Light,Critical Risk,IRC:82-2015 Systematic Pavement Survey
Pune Survey Corridor R-0284,Maharashtra,Pune,Pune,1,1.5,85.5,13.7,23.0,Very High,Moderate,Critical Risk,IRC:82-2015 Systematic Pavement Survey
Coimbatore Survey Corridor R-0889,Tamil Nadu,Coimbatore,Coimbatore,1,1.4,5.0,0.9,15.5,High,Heavy,Low Risk,IRC:82-2015 Systematic Pavement Survey
Delhi NCR Survey Corridor R-0707,Delhi,South Delhi,Delhi NCR,6,4.4,12.8,7.5,6.3,Medium,Torrential,Medium Risk,IRC:82-2015 Systematic Pavement Survey
Mysuru Survey Corridor R-0234,Karnataka,Mysuru,Mysuru,31,10.3,99.9,14.9,24.9,Medium,Torrential,Critical Risk,IRC:82-2015 Systematic Pavement Survey
Delhi NCR Survey Corridor R-0443,Delhi,South Delhi,Delhi NCR,5,2.6,31.7,5.3,10.8,Low,Moderate,Medium Risk,IRC:82-2015 Systematic Pavement Survey
Kochi Survey Corridor R-0717,Kerala,Ernakulam,Kochi,4,16.0,10.7,6.2,15.7,High,Light,Critical Risk,IRC:82-2015 Systematic Pavement Survey
Hyderabad Survey Corridor R-0454,Telangana,Hyderabad,Hyderabad,17,6.3,47.8,13.8,17.4,Very High,Moderate,Critical Risk,IRC:82-2015 Systematic Pavement Survey
Chennai Survey Corridor R-0230,Tamil Nadu,Chennai,Chennai,3,1.3,52.0,10.4,3.2,Medium,Light,High Risk,IRC:82-2015 Systematic Pavement Survey
Hyderabad Survey Corridor R-0538,Telangana,Hyderabad,Hyderabad,32,10.0,66.8,11.7,6.9,Low,Light,Critical Risk,IRC:82-2015 Systematic Pavement Survey
Kochi Survey Corridor R-0237,Kerala,Ernakulam,Kochi,3,13.5,29.0,4.4,6.7,Low,Torrential,High Risk,IRC:82-2015 Systematic Pavement Survey
Chennai Survey Corridor R-0158,Tamil Nadu,Chennai,Chennai,2,1.4,79.6,9.8,14.6,Medium,Heavy,Critical Risk,IRC:82-2015 Systematic Pavement Survey
Mumbai Survey Corridor R-1087,Maharashtra,Mumbai Suburban,Mumbai,0,0.0,5.7,2.7,22.2,Low,Light,Low Risk,IRC:82-2015 Systematic Pavement Survey
Salem Survey Corridor R-0075,Tamil Nadu,Salem,Salem,2,14.8,15.6,9.7,24.0,Very High,Heavy,High Risk,IRC:82-2015 Systematic Pavement Survey
Madurai Survey Corridor R-0184,Tamil Nadu,Madurai,Madurai,30,11.6,68.4,11.3,24.5,Medium,Torrential,Critical Risk,IRC:82-2015 Systematic Pavement Survey
Hyderabad Survey Corridor R-1078,Telangana,Hyderabad,Hyderabad,24,9.1,30.9,8.4,2.7,Very High,Moderate,Critical Risk,IRC:82-2015 Systematic Pavement Survey
Visakhapatnam Survey Corridor R-0492,Andhra Pradesh,Visakhapatnam,Visakhapatnam,32,12.0,132.5,12.1,25.6,Low,Torrential,Critical Risk,IRC:82-2015 Systematic Pavement Survey
Delhi NCR Survey Corridor R-0311,Delhi,South Delhi,Delhi NCR,6,5.2,15.2,6.0,32.8,Very High,Moderate,High Risk,IRC:82-2015 Systematic Pavement Survey
Salem Survey Corridor R-0363,Tamil Nadu,Salem,Salem,5,11.9,9.0,3.6,25.7,Medium,Heavy,Critical Risk,IRC:82-2015 Systematic Pavement Survey
Chennai Survey Corridor R-0362,Tamil Nadu,Chennai,Chennai,1,0.7,67.0,10.1,17.4,Low,Moderate,High Risk,IRC:82-2015 Systematic Pavement Survey
Mumbai Survey Corridor R-0295,Maharashtra,Mumbai Suburban,Mumbai,0,0.0,4.1,0.7,2.8,Very High,Moderate,Low Risk,IRC:82-2015 Systematic Pavement Survey
Chennai Survey Corridor R-0098,Tamil Nadu,Chennai,Chennai,0,0.0,115.3,14.3,9.4,Medium,Light,Critical Risk,IRC:82-2015 Systematic Pavement Survey
Pune Survey Corridor R-0080,Maharashtra,Pune,Pune,1,2.7,47.5,10.6,8.9,Very High,Torrential,High Risk,IRC:82-2015 Systematic Pavement Survey
Salem Survey Corridor R-0531,Tamil Nadu,Salem,Salem,2,13.8,11.0,4.4,1.3,Very High,Heavy,High Risk,IRC:82-2015 Systematic Pavement Survey
Bengaluru Survey Corridor R-0605,Karnataka,Bengaluru Urban,Bengaluru,8,3.8,21.6,3.2,12.9,Very High,Heavy,Medium Risk,IRC:82-2015 Systematic Pavement Survey
Kochi Survey Corridor R-0525,Kerala,Ernakulam,Kochi,3,15.1,17.6,8.5,17.2,High,Moderate,High Risk,IRC:82-2015 Systematic Pavement Survey
Coimbatore Survey Corridor R-1081,Tamil Nadu,Coimbatore,Coimbatore,0,0.0,8.7,2.9,10.8,Very High,Light,Low Risk,IRC:82-2015 Systematic Pavement Survey
Visakhapatnam Survey Corridor R-1032,Andhra Pradesh,Visakhapatnam,Visakhapatnam,22,17.0,115.2,12.3,24.6,Medium,Light,Critical Risk,IRC:82-2015 Systematic Pavement Survey
Kochi Survey Corridor R-0345,Kerala,Ernakulam,Kochi,3,12.5,29.4,8.2,31.0,Very High,Torrential,High Risk,IRC:82-2015 Systematic Pavement Survey
Bengaluru Survey Corridor R-0557,Karnataka,Bengaluru Urban,Bengaluru,3,3.2,25.5,3.4,21.6,Medium,Light,Medium Risk,IRC:82-2015 Systematic Pavement Survey
Bengaluru Survey Corridor R-0005,Karnataka,Bengaluru Urban,Bengaluru,6,5.9,18.1,3.5,22.0,Very High,Heavy,High Risk,IRC:82-2015 Systematic Pavement Survey
Delhi NCR Survey Corridor R-0671,Delhi,South Delhi,Delhi NCR,3,5.2,35.8,3.9,32.4,Very High,Light,Medium Risk,IRC:82-2015 Systematic Pavement Survey
Kochi Survey Corridor R-0705,Kerala,Ernakulam,Kochi,5,10.6,18.1,9.3,33.7,High,Torrential,High Risk,IRC:82-2015 Systematic Pavement Survey
Pune Survey Corridor R-0524,Maharashtra,Pune,Pune,2,1.0,106.4,6.6,15.6,High,Heavy,Critical Risk,IRC:82-2015 Systematic Pavement Survey
Bengaluru Survey Corridor R-0437,Karnataka,Bengaluru Urban,Bengaluru,3,4.3,25.3,3.8,23.0,Low,Torrential,Medium Risk,IRC:82-2015 Systematic Pavement Survey
Delhi NCR Survey Corridor R-0467,Delhi,South Delhi,Delhi NCR,7,4.9,12.2,3.5,30.5,Medium,Torrential,Medium Risk,IRC:82-2015 Systematic Pavement Survey
Kochi Survey Corridor R-0225,Kerala,Ernakulam,Kochi,4,10.2,34.5,5.9,31.4,High,Moderate,High Risk,IRC:82-2015 Systematic Pavement Survey
Visakhapatnam Survey Corridor R-0036,Andhra Pradesh,Visakhapatnam,Visakhapatnam,44,10.7,82.3,15.6,29.8,Very High,Torrential,Critical Risk,IRC:82-2015 Systematic Pavement Survey
Madurai Survey Corridor R-0124,Tamil Nadu,Madurai,Madurai,17,8.6,78.2,12.9,28.8,Low,Moderate,Critical Risk,IRC:82-2015 Systematic Pavement Survey
Pune Survey Corridor R-0236,Maharashtra,Pune,Pune,0,0.0,105.1,8.9,12.0,Medium,Heavy,Critical Risk,IRC:82-2015 Systematic Pavement Survey
Visakhapatnam Survey Corridor R-0600,Andhra Pradesh,Visakhapatnam,Visakhapatnam,24,13.1,74.7,16.8,31.0,High,Heavy,Critical Risk,IRC:82-2015 Systematic Pavement Survey
Mumbai Survey Corridor R-0103,Maharashtra,Mumbai Suburban,Mumbai,0,0.0,1.2,0.2,12.9,Medium,Moderate,Low Risk,IRC:82-2015 Systematic Pavement Survey
Chennai Survey Corridor R-0422,Tamil Nadu,Chennai,Chennai,0,0.0,44.7,8.8,18.3,Low,Heavy,High Risk,IRC:82-2015 Systematic Pavement Survey
Bengaluru Survey Corridor R-1025,Karnataka,Bengaluru Urban,Bengaluru,4,4.5,15.6,7.7,13.0,Low,Light,Medium Risk,IRC:82-2015 Systematic Pavement Survey
Bengaluru Survey Corridor R-0161,Karnataka,Bengaluru Urban,Bengaluru,7,3.9,26.3,4.3,7.7,High,Light,Medium Risk,IRC:82-2015 Systematic Pavement Survey
Chennai Survey Corridor R-0194,Tamil Nadu,Chennai,Chennai,1,0.3,38.2,10.3,20.7,Very High,Heavy,High Risk,IRC:82-2015 Systematic Pavement Survey
Outer Ring Road (Nehru Place - IIT Flyover Sector),Delhi,South Delhi,Delhi NCR,6,3.2,25.0,4.0,9.8,Very High,Moderate,Medium Risk,Verified Physical Survey (MoRTH / NHAI Registry)
Visakhapatnam Survey Corridor R-0096,Andhra Pradesh,Visakhapatnam,Visakhapatnam,30,9.6,62.9,11.1,1.5,High,Moderate,Critical Risk,IRC:82-2015 Systematic Pavement Survey
Delhi NCR Survey Corridor R-0911,Delhi,South Delhi,Delhi NCR,4,5.5,22.9,4.5,32.8,Medium,Moderate,Medium Risk,IRC:82-2015 Systematic Pavement Survey
Delhi NCR Survey Corridor R-0407,Delhi,South Delhi,Delhi NCR,6,3.6,27.6,4.5,11.2,Medium,Light,Medium Risk,IRC:82-2015 Systematic Pavement Survey
Salem Survey Corridor R-0183,Tamil Nadu,Salem,Salem,2,9.1,33.5,6.1,7.3,Medium,Torrential,High Risk,IRC:82-2015 Systematic Pavement Survey
Chennai Survey Corridor R-1058,Tamil Nadu,Chennai,Chennai,3,2.3,88.6,15.9,12.7,Medium,Torrential,Critical Risk,IRC:82-2015 Systematic Pavement Survey
Delhi NCR Survey Corridor R-0215,Delhi,South Delhi,Delhi NCR,9,3.8,12.2,7.1,5.4,High,Moderate,Medium Risk,IRC:82-2015 Systematic Pavement Survey
Kochi Survey Corridor R-0789,Kerala,Ernakulam,Kochi,5,8.3,17.2,6.6,20.7,Low,Moderate,High Risk,IRC:82-2015 Systematic Pavement Survey
Bengaluru Survey Corridor R-1013,Karnataka,Bengaluru Urban,Bengaluru,4,3.4,15.5,4.3,14.1,High,Torrential,Medium Risk,IRC:82-2015 Systematic Pavement Survey
Hyderabad Survey Corridor R-0562,Telangana,Hyderabad,Hyderabad,15,7.2,20.1,7.4,5.0,Low,Moderate,High Risk,IRC:82-2015 Systematic Pavement Survey
Coimbatore Survey Corridor R-0301,Tamil Nadu,Coimbatore,Coimbatore,0,0.0,7.4,2.4,25.1,Medium,Torrential,Low Risk,IRC:82-2015 Systematic Pavement Survey
Mysuru Survey Corridor R-0702,Karnataka,Mysuru,Mysuru,37,11.2,112.3,15.0,12.3,Low,Moderate,Critical Risk,IRC:82-2015 Systematic Pavement Survey
Chennai Survey Corridor R-1106,Tamil Nadu,Chennai,Chennai,2,1.0,103.5,8.7,2.9,Very High,Moderate,Critical Risk,IRC:82-2015 Systematic Pavement Survey
Madurai Survey Corridor R-1000,Tamil Nadu,Madurai,Madurai,22,12.8,46.7,7.1,30.3,Very High,Moderate,Critical Risk,IRC:82-2015 Systematic Pavement Survey
Bengaluru Survey Corridor R-1061,Karnataka,Bengaluru Urban,Bengaluru,6,3.0,13.4,3.1,5.9,Very High,Torrential,Medium Risk,IRC:82-2015 Systematic Pavement Survey
Pune Survey Corridor R-0620,Maharashtra,Pune,Pune,3,0.6,78.7,13.1,15.8,Low,Moderate,Critical Risk,IRC:82-2015 Systematic Pavement Survey
Hyderabad Survey Corridor R-0982,Telangana,Hyderabad,Hyderabad,31,7.1,33.5,10.0,9.9,High,Torrential,Critical Risk,IRC:82-2015 Systematic Pavement Survey
Hyderabad Survey Corridor R-1030,Telangana,Hyderabad,Hyderabad,17,6.8,79.9,10.3,10.7,High,Torrential,Critical Risk,IRC:82-2015 Systematic Pavement Survey
Kochi Survey Corridor R-0981,Kerala,Ernakulam,Kochi,4,8.3,15.1,6.6,28.1,Low,Torrential,High Risk,IRC:82-2015 Systematic Pavement Survey
Hyderabad Survey Corridor R-0658,Telangana,Hyderabad,Hyderabad,17,6.2,71.3,7.3,30.0,High,Light,Critical Risk,IRC:82-2015 Systematic Pavement Survey
Delhi NCR Survey Corridor R-0851,Delhi,South Delhi,Delhi NCR,6,4.5,20.0,5.4,28.0,Very High,Torrential,Medium Risk,IRC:82-2015 Systematic Pavement Survey
Hyderabad Survey Corridor R-0118,Telangana,Hyderabad,Hyderabad,23,7.1,40.6,9.8,13.1,Low,Light,Critical Risk,IRC:82-2015 Systematic Pavement Survey
Salem Survey Corridor R-0975,Tamil Nadu,Salem,Salem,4,15.6,7.7,4.1,33.7,Very High,Light,Critical Risk,IRC:82-2015 Systematic Pavement Survey
Bengaluru Survey Corridor R-0893,Karnataka,Bengaluru Urban,Bengaluru,3,5.5,30.9,4.8,4.0,Low,Light,Medium Risk,IRC:82-2015 Systematic Pavement Survey
Coimbatore Survey Corridor R-0217,Tamil Nadu,Coimbatore,Coimbatore,0,0.0,8.4,2.1,3.3,High,Torrential,Low Risk,IRC:82-2015 Systematic Pavement Survey
Chennai Survey Corridor R-0314,Tamil Nadu,Chennai,Chennai,2,2.1,118.6,7.6,5.8,Low,Torrential,Critical Risk,IRC:82-2015 Systematic Pavement Survey
Hyderabad Survey Corridor R-0790,Telangana,Hyderabad,Hyderabad,21,9.3,68.6,13.6,1.8,Low,Moderate,Critical Risk,IRC:82-2015 Systematic Pavement Survey
Madurai Survey Corridor R-0028,Tamil Nadu,Madurai,Madurai,33,5.3,40.7,11.1,24.1,Low,Torrential,Critical Risk,IRC:82-2015 Systematic Pavement Survey
Coimbatore Survey Corridor R-0685,Tamil Nadu,Coimbatore,Coimbatore,1,1.8,2.8,2.1,10.2,Low,Moderate,Low Risk,IRC:82-2015 Systematic Pavement Survey
Kochi Survey Corridor R-0273,Kerala,Ernakulam,Kochi,4,9.8,7.2,7.2,23.7,Medium,Moderate,High Risk,IRC:82-2015 Systematic Pavement Survey
Madurai Survey Corridor R-0364,Tamil Nadu,Madurai,Madurai,12,12.0,20.4,6.5,8.7,Very High,Torrential,Critical Risk,IRC:82-2015 Systematic Pavement Survey
Coimbatore Survey Corridor R-0877,Tamil Nadu,Coimbatore,Coimbatore,0,0.0,7.8,0.5,6.8,Low,Heavy,Low Risk,IRC:82-2015 Systematic Pavement Survey
Delhi NCR Survey Corridor R-0695,Delhi,South Delhi,Delhi NCR,9,5.2,18.2,3.7,4.9,Low,Torrential,Medium Risk,IRC:82-2015 Systematic Pavement Survey
Madurai Survey Corridor R-0988,Tamil Nadu,Madurai,Madurai,34,6.1,33.8,6.9,28.9,Low,Light,Critical Risk,IRC:82-2015 Systematic Pavement Survey
Bengaluru Survey Corridor R-1133,Karnataka,Bengaluru Urban,Bengaluru,9,3.9,35.9,6.3,4.1,Low,Moderate,High Risk,IRC:82-2015 Systematic Pavement Survey
Bengaluru Survey Corridor R-0401,Karnataka,Bengaluru Urban,Bengaluru,5,4.5,14.9,5.2,16.7,Very High,Light,Medium Risk,IRC:82-2015 Systematic Pavement Survey
Chennai Survey Corridor R-0206,Tamil Nadu,Chennai,Chennai,1,2.4,90.7,11.1,4.0,Very High,Torrential,Critical Risk,IRC:82-2015 Systematic Pavement Survey
Ernakulam Heavy Industrial Bypass (Kalamassery),Kerala,Ernakulam,Kochi,30,15.0,105.0,13.5,9.0,Very High,Torrential,Critical Risk,IRC:82-2015 Specification Benchmark
Mumbai Survey Corridor R-0967,Maharashtra,Mumbai Suburban,Mumbai,0,0.0,0.2,2.4,1.4,Medium,Torrential,Low Risk,IRC:82-2015 Systematic Pavement Survey
Mumbai Survey Corridor R-0931,Maharashtra,Mumbai Suburban,Mumbai,0,0.0,5.2,1.8,12.3,Very High,Torrential,Low Risk,IRC:82-2015 Systematic Pavement Survey
Salem Survey Corridor R-0663,Tamil Nadu,Salem,Salem,4,12.8,6.6,5.6,8.9,Very High,Light,Critical Risk,IRC:82-2015 Systematic Pavement Survey
Chennai Survey Corridor R-0290,Tamil Nadu,Chennai,Chennai,3,0.4,94.1,9.4,15.6,High,Light,Critical Risk,IRC:82-2015 Systematic Pavement Survey
Madurai Survey Corridor R-0316,Tamil Nadu,Madurai,Madurai,19,12.3,56.9,8.5,22.2,Very High,Moderate,Critical Risk,IRC:82-2015 Systematic Pavement Survey
Chennai Survey Corridor R-0554,Tamil Nadu,Chennai,Chennai,2,0.6,70.6,13.3,4.4,Low,Torrential,Critical Risk,IRC:82-2015 Systematic Pavement Survey
Kochi Survey Corridor R-0861,Kerala,Ernakulam,Kochi,4,10.6,22.9,10.0,15.8,Very High,Torrential,High Risk,IRC:82-2015 Systematic Pavement Survey
Mumbai Survey Corridor R-0979,Maharashtra,Mumbai Suburban,Mumbai,0,0.0,2.7,0.5,23.7,Medium,Light,Low Risk,IRC:82-2015 Systematic Pavement Survey
Kochi Survey Corridor R-0849,Kerala,Ernakulam,Kochi,4,13.1,14.2,9.0,33.6,Very High,Moderate,Critical Risk,IRC:82-2015 Systematic Pavement Survey
Chennai Survey Corridor R-0662,Tamil Nadu,Chennai,Chennai,0,0.0,109.3,7.7,10.0,Low,Light,Critical Risk,IRC:82-2015 Systematic Pavement Survey
Chennai Survey Corridor R-0338,Tamil Nadu,Chennai,Chennai,3,1.5,36.1,15.9,23.8,Medium,Heavy,High Risk,IRC:82-2015 Systematic Pavement Survey
Coimbatore Survey Corridor R-0433,Tamil Nadu,Coimbatore,Coimbatore,0,0.0,3.1,2.2,23.2,Very High,Light,Low Risk,IRC:82-2015 Systematic Pavement Survey
Delhi NCR Survey Corridor R-0023,Delhi,South Delhi,Delhi NCR,9,5.7,19.1,6.2,1.0,Low,Light,Medium Risk,IRC:82-2015 Systematic Pavement Survey
Kochi Survey Corridor R-0069,Kerala,Ernakulam,Kochi,5,11.1,25.4,5.4,9.9,High,Torrential,High Risk,IRC:82-2015 Systematic Pavement Survey
Hyderabad Survey Corridor R-0622,Telangana,Hyderabad,Hyderabad,31,13.1,76.0,12.4,23.9,High,Light,Critical Risk,IRC:82-2015 Systematic Pavement Survey
Bengaluru Survey Corridor R-1109,Karnataka,Bengaluru Urban,Bengaluru,4,3.1,23.6,4.1,24.4,High,Moderate,Medium Risk,IRC:82-2015 Systematic Pavement Survey
Salem Survey Corridor R-0939,Tamil Nadu,Salem,Salem,3,14.1,17.2,9.2,23.1,Medium,Torrential,High Risk,IRC:82-2015 Systematic Pavement Survey
Chennai Survey Corridor R-0506,Tamil Nadu,Chennai,Chennai,2,1.1,115.7,15.6,22.1,Medium,Moderate,Critical Risk,IRC:82-2015 Systematic Pavement Survey
Pune Survey Corridor R-0200,Maharashtra,Pune,Pune,3,2.5,54.6,14.1,5.1,High,Moderate,High Risk,IRC:82-2015 Systematic Pavement Survey
Salem Survey Corridor R-0987,Tamil Nadu,Salem,Salem,4,15.7,18.3,5.2,18.9,Medium,Heavy,Critical Risk,IRC:82-2015 Systematic Pavement Survey
Delhi NCR Survey Corridor R-0539,Delhi,South Delhi,Delhi NCR,9,5.4,30.1,6.6,16.7,Low,Heavy,High Risk,IRC:82-2015 Systematic Pavement Survey
Madurai Survey Corridor R-0916,Tamil Nadu,Madurai,Madurai,32,11.7,70.2,11.6,32.6,Low,Heavy,Critical Risk,IRC:82-2015 Systematic Pavement Survey
Mumbai Survey Corridor R-0667,Maharashtra,Mumbai Suburban,Mumbai,2,0.8,6.4,1.5,23.9,Medium,Light,Low Risk,IRC:82-2015 Systematic Pavement Survey
Mysuru Survey Corridor R-0078,Karnataka,Mysuru,Mysuru,43,13.0,131.0,12.8,5.0,Very High,Light,Critical Risk,IRC:82-2015 Systematic Pavement Survey
Madurai Survey Corridor R-0232,Tamil Nadu,Madurai,Madurai,29,9.3,56.0,8.3,24.6,Low,Torrential,Critical Risk,IRC:82-2015 Systematic Pavement Survey
Salem Survey Corridor R-1143,Tamil Nadu,Salem,Salem,4,11.1,6.1,9.4,23.9,Medium,Light,High Risk,IRC:82-2015 Systematic Pavement Survey
Kochi Survey Corridor R-0081,Kerala,Ernakulam,Kochi,2,11.0,29.4,9.6,34.5,Very High,Torrential,High Risk,IRC:82-2015 Systematic Pavement Survey
Delhi NCR Survey Corridor R-1187,Delhi,South Delhi,Delhi NCR,7,5.6,22.7,3.7,18.8,Low,Moderate,Medium Risk,IRC:82-2015 Systematic Pavement Survey
Delhi NCR Survey Corridor R-1007,Delhi,South Delhi,Delhi NCR,8,3.6,35.4,6.1,15.9,Low,Light,High Risk,IRC:82-2015 Systematic Pavement Survey
Salem Survey Corridor R-0591,Tamil Nadu,Salem,Salem,3,12.9,12.4,3.4,14.3,High,Moderate,High Risk,IRC:82-2015 Systematic Pavement Survey
Mumbai Survey Corridor R-0079,Maharashtra,Mumbai Suburban,Mumbai,1,1.2,0.9,0.4,24.8,Medium,Light,Low Risk,IRC:82-2015 Systematic Pavement Survey
Salem Survey Corridor R-0375,Tamil Nadu,Salem,Salem,2,12.9,11.8,8.9,15.6,Low,Moderate,High Risk,IRC:82-2015 Systematic Pavement Survey
Mumbai Survey Corridor R-0871,Maharashtra,Mumbai Suburban,Mumbai,1,0.7,8.6,0.5,1.6,Very High,Torrential,Low Risk,IRC:82-2015 Systematic Pavement Survey
Pune Survey Corridor R-0164,Maharashtra,Pune,Pune,3,2.8,47.0,9.5,12.0,Medium,Heavy,High Risk,IRC:82-2015 Systematic Pavement Survey
Mysuru Survey Corridor R-0330,Karnataka,Mysuru,Mysuru,31,17.9,137.7,17.5,27.7,High,Heavy,Critical Risk,IRC:82-2015 Systematic Pavement Survey
Hyderabad Survey Corridor R-0214,Telangana,Hyderabad,Hyderabad,23,5.1,37.2,10.9,34.4,Low,Torrential,Critical Risk,IRC:82-2015 Systematic Pavement Survey
Delhi NCR Survey Corridor R-0263,Delhi,South Delhi,Delhi NCR,8,3.6,30.3,4.0,23.9,Medium,Light,Medium Risk,IRC:82-2015 Systematic Pavement Survey
Mysuru Survey Corridor R-0738,Karnataka,Mysuru,Mysuru,20,14.2,129.3,12.3,16.9,Medium,Heavy,Critical Risk,IRC:82-2015 Systematic Pavement Survey
Mysuru Survey Corridor R-1194,Karnataka,Mysuru,Mysuru,42,11.3,113.5,17.1,16.6,High,Torrential,Critical Risk,IRC:82-2015 Systematic Pavement Survey
Pune Survey Corridor R-0404,Maharashtra,Pune,Pune,1,2.7,99.1,13.9,1.6,High,Moderate,Critical Risk,IRC:82-2015 Systematic Pavement Survey
Hyderabad Survey Corridor R-0334,Telangana,Hyderabad,Hyderabad,34,5.4,78.1,12.4,11.0,Very High,Moderate,Critical Risk,IRC:82-2015 Systematic Pavement Survey
Mysuru Survey Corridor R-0570,Karnataka,Mysuru,Mysuru,32,9.3,88.5,10.1,3.6,Medium,Torrential,Critical Risk,IRC:82-2015 Systematic Pavement Survey
Mumbai Survey Corridor R-0379,Maharashtra,Mumbai Suburban,Mumbai,1,1.0,1.8,2.7,30.9,Very High,Moderate,Low Risk,IRC:82-2015 Systematic Pavement Survey
Chennai Survey Corridor R-0566,Tamil Nadu,Chennai,Chennai,3,2.0,118.0,6.1,1.3,Medium,Moderate,Critical Risk,IRC:82-2015 Systematic Pavement Survey
Mysuru Survey Corridor R-0618,Karnataka,Mysuru,Mysuru,18,12.9,62.5,12.1,2.1,Low,Torrential,Critical Risk,IRC:82-2015 Systematic Pavement Survey
Delhi NCR Survey Corridor R-0683,Delhi,South Delhi,Delhi NCR,4,3.1,19.7,3.6,33.0,Low,Heavy,Medium Risk,IRC:82-2015 Systematic Pavement Survey
Madurai Survey Corridor R-0772,Tamil Nadu,Madurai,Madurai,31,11.6,41.9,11.1,16.9,Low,Torrential,Critical Risk,IRC:82-2015 Systematic Pavement Survey
Hyderabad Survey Corridor R-0742,Telangana,Hyderabad,Hyderabad,12,10.9,66.9,12.3,21.5,Very High,Torrential,Critical Risk,IRC:82-2015 Systematic Pavement Survey
Mumbai Survey Corridor R-0619,Maharashtra,Mumbai Suburban,Mumbai,0,0.0,5.0,0.3,23.7,Medium,Light,Low Risk,IRC:82-2015 Systematic Pavement Survey
Visakhapatnam Survey Corridor R-0756,Andhra Pradesh,Visakhapatnam,Visakhapatnam,33,17.1,127.0,11.0,5.3,High,Torrential,Critical Risk,IRC:82-2015 Systematic Pavement Survey
Hyderabad Survey Corridor R-0298,Telangana,Hyderabad,Hyderabad,34,11.8,40.9,11.3,28.0,Very High,Moderate,Critical Risk,IRC:82-2015 Systematic Pavement Survey
Mysuru Survey Corridor R-0474,Karnataka,Mysuru,Mysuru,41,11.6,105.1,11.0,32.2,Very High,Moderate,Critical Risk,IRC:82-2015 Systematic Pavement Survey
Coimbatore Survey Corridor R-0589,Tamil Nadu,Coimbatore,Coimbatore,1,1.0,1.5,0.4,1.7,High,Torrential,Low Risk,IRC:82-2015 Systematic Pavement Survey
Kochi Survey Corridor R-0261,Kerala,Ernakulam,Kochi,3,11.2,19.4,7.8,1.6,Low,Moderate,High Risk,IRC:82-2015 Systematic Pavement Survey
Bengaluru Survey Corridor R-0545,Karnataka,Bengaluru Urban,Bengaluru,6,4.5,25.0,6.5,19.2,Very High,Heavy,Medium Risk,IRC:82-2015 Systematic Pavement Survey
Hyderabad Survey Corridor R-0670,Telangana,Hyderabad,Hyderabad,26,6.4,21.5,9.6,9.1,High,Torrential,Critical Risk,IRC:82-2015 Systematic Pavement Survey
Kochi Survey Corridor R-0873,Kerala,Ernakulam,Kochi,4,11.4,6.8,4.6,13.4,Low,Moderate,High Risk,IRC:82-2015 Systematic Pavement Survey
Bengaluru Survey Corridor R-0305,Karnataka,Bengaluru Urban,Bengaluru,6,5.8,15.0,7.1,13.9,Very High,Moderate,High Risk,IRC:82-2015 Systematic Pavement Survey
PMGSY Nelamangala - Doddaballapura Agricultural Link,Karnataka,Bengaluru Rural,Nelamangala,19,9.5,72.0,9.8,15.2,Medium,Moderate,Critical Risk,Verified Physical Survey (MoRTH / NHAI Registry)
Kukatpally Housing Board (KPHB) - Miyapur Arterial,Telangana,Medchal-Malkajgiri,Hyderabad,20,11.5,79.0,11.8,7.2,Very High,Heavy,Critical Risk,Verified Physical Survey (MoRTH / NHAI Registry)
Chennai Survey Corridor R-0182,Tamil Nadu,Chennai,Chennai,3,2.9,35.4,6.1,11.7,High,Heavy,High Risk,IRC:82-2015 Systematic Pavement Survey
Salem Survey Corridor R-0783,Tamil Nadu,Salem,Salem,2,8.3,15.9,3.7,5.0,Very High,Heavy,High Risk,IRC:82-2015 Systematic Pavement Survey
Madurai Survey Corridor R-0076,Tamil Nadu,Madurai,Madurai,26,5.7,25.5,10.8,19.8,Low,Torrential,Critical Risk,IRC:82-2015 Systematic Pavement Survey
Hyderabad Survey Corridor R-0250,Telangana,Hyderabad,Hyderabad,19,12.5,34.1,12.2,14.8,Medium,Heavy,Critical Risk,IRC:82-2015 Systematic Pavement Survey
Mysuru Survey Corridor R-0990,Karnataka,Mysuru,Mysuru,29,13.6,122.3,14.2,22.8,Low,Torrential,Critical Risk,IRC:82-2015 Systematic Pavement Survey
Delhi NCR Survey Corridor R-0611,Delhi,South Delhi,Delhi NCR,7,4.7,16.1,5.4,25.4,Medium,Torrential,Medium Risk,IRC:82-2015 Systematic Pavement Survey
Salem Survey Corridor R-0747,Tamil Nadu,Salem,Salem,5,9.7,8.7,7.9,4.9,Very High,Moderate,High Risk,IRC:82-2015 Systematic Pavement Survey
Mumbai Survey Corridor R-1051,Maharashtra,Mumbai Suburban,Mumbai,0,0.0,3.9,1.4,11.6,Low,Moderate,Low Risk,IRC:82-2015 Systematic Pavement Survey
Madurai Survey Corridor R-1192,Tamil Nadu,Madurai,Madurai,27,11.1,74.5,11.8,26.0,High,Moderate,Critical Risk,IRC:82-2015 Systematic Pavement Survey
Chennai Survey Corridor R-0494,Tamil Nadu,Chennai,Chennai,0,0.0,79.3,15.7,5.3,Low,Moderate,Critical Risk,IRC:82-2015 Systematic Pavement Survey
Mettupalayam Road (Thudiyalur - Saibaba Colony Sector),Tamil Nadu,Coimbatore,Coimbatore,17,8.5,64.0,9.2,11.0,High,Heavy,Critical Risk,Verified Physical Survey (MoRTH / NHAI Registry)
Salem Survey Corridor R-0051,Tamil Nadu,Salem,Salem,2,13.0,10.8,3.5,14.5,Medium,Torrential,High Risk,IRC:82-2015 Systematic Pavement Survey
Coimbatore Survey Corridor R-0601,Tamil Nadu,Coimbatore,Coimbatore,0,0.0,3.5,2.4,31.7,Very High,Moderate,Low Risk,IRC:82-2015 Systematic Pavement Survey
Pune Survey Corridor R-1112,Maharashtra,Pune,Pune,3,2.0,55.2,10.4,10.7,High,Light,High Risk,IRC:82-2015 Systematic Pavement Survey
Madurai Survey Corridor R-0736,Tamil Nadu,Madurai,Madurai,34,11.6,41.6,11.4,10.2,Medium,Light,Critical Risk,IRC:82-2015 Systematic Pavement Survey
Hyderabad Survey Corridor R-0850,Telangana,Hyderabad,Hyderabad,18,8.5,30.1,12.7,19.7,Medium,Heavy,Critical Risk,IRC:82-2015 Systematic Pavement Survey
Kochi Survey Corridor R-0825,Kerala,Ernakulam,Kochi,5,11.3,20.6,9.3,7.7,Low,Light,High Risk,IRC:82-2015 Systematic Pavement Survey
Mumbai Survey Corridor R-0475,Maharashtra,Mumbai Suburban,Mumbai,0,0.0,1.4,2.7,29.0,High,Heavy,Low Risk,IRC:82-2015 Systematic Pavement Survey
Mysuru Survey Corridor R-1002,Karnataka,Mysuru,Mysuru,29,13.8,96.6,13.2,15.7,Very High,Light,Critical Risk,IRC:82-2015 Systematic Pavement Survey
Chennai Survey Corridor R-0254,Tamil Nadu,Chennai,Chennai,2,1.8,85.9,9.4,9.1,High,Heavy,Critical Risk,IRC:82-2015 Systematic Pavement Survey
Visakhapatnam Survey Corridor R-1104,Andhra Pradesh,Visakhapatnam,Visakhapatnam,43,15.3,120.7,10.8,18.2,Low,Light,Critical Risk,IRC:82-2015 Systematic Pavement Survey
Mumbai Survey Corridor R-0259,Maharashtra,Mumbai Suburban,Mumbai,2,0.2,2.1,0.3,22.8,High,Moderate,Low Risk,IRC:82-2015 Systematic Pavement Survey
Hyderabad Survey Corridor R-0814,Telangana,Hyderabad,Hyderabad,28,13.6,73.4,11.2,16.6,Medium,Light,Critical Risk,IRC:82-2015 Systematic Pavement Survey
Chennai Survey Corridor R-0434,Tamil Nadu,Chennai,Chennai,1,2.6,69.3,5.9,19.4,Medium,Moderate,High Risk,IRC:82-2015 Systematic Pavement Survey
Pollachi Road (Eachanari - Kinathukadavu Corridor),Tamil Nadu,Coimbatore,Coimbatore,8,4.2,28.0,6.0,18.5,High,Moderate,High Risk,Verified Physical Survey (MoRTH / NHAI Registry)
Madurai Survey Corridor R-0040,Tamil Nadu,Madurai,Madurai,15,7.1,39.5,12.0,23.1,High,Heavy,Critical Risk,IRC:82-2015 Systematic Pavement Survey
Bengaluru Survey Corridor R-0641,Karnataka,Bengaluru Urban,Bengaluru,9,5.5,13.6,4.7,3.3,High,Torrential,High Risk,IRC:82-2015 Systematic Pavement Survey
Kochi Survey Corridor R-0501,Kerala,Ernakulam,Kochi,4,12.5,28.3,4.4,25.7,High,Moderate,Critical Risk,IRC:82-2015 Systematic Pavement Survey
Visakhapatnam Survey Corridor R-1068,Andhra Pradesh,Visakhapatnam,Visakhapatnam,19,10.5,136.8,16.8,30.4,Low,Heavy,Critical Risk,IRC:82-2015 Systematic Pavement Survey
Visakhapatnam Survey Corridor R-0576,Andhra Pradesh,Visakhapatnam,Visakhapatnam,19,14.7,79.9,15.6,15.5,Very High,Moderate,Critical Risk,IRC:82-2015 Systematic Pavement Survey
Hyderabad Survey Corridor R-0838,Telangana,Hyderabad,Hyderabad,24,11.0,63.8,10.6,8.0,Medium,Heavy,Critical Risk,IRC:82-2015 Systematic Pavement Survey
Kochi Survey Corridor R-0321,Kerala,Ernakulam,Kochi,2,14.4,33.8,6.4,4.7,Very High,Heavy,High Risk,IRC:82-2015 Systematic Pavement Survey
Kochi Survey Corridor R-0969,Kerala,Ernakulam,Kochi,4,15.1,31.8,5.4,21.9,High,Torrential,Critical Risk,IRC:82-2015 Systematic Pavement Survey
Visakhapatnam Survey Corridor R-1128,Andhra Pradesh,Visakhapatnam,Visakhapatnam,23,13.7,104.9,11.4,7.7,Medium,Heavy,Critical Risk,IRC:82-2015 Systematic Pavement Survey
Delhi NCR Survey Corridor R-0167,Delhi,South Delhi,Delhi NCR,9,2.6,33.6,4.7,27.3,Low,Moderate,Medium Risk,IRC:82-2015 Systematic Pavement Survey
Bengaluru Survey Corridor R-0353,Karnataka,Bengaluru Urban,Bengaluru,7,4.7,13.7,5.9,20.1,Very High,Torrential,Medium Risk,IRC:82-2015 Systematic Pavement Survey
Salem Survey Corridor R-0519,Tamil Nadu,Salem,Salem,2,11.9,24.1,3.6,2.1,High,Light,High Risk,IRC:82-2015 Systematic Pavement Survey
Mumbai Survey Corridor R-0787,Maharashtra,Mumbai Suburban,Mumbai,0,0.0,5.7,2.5,27.6,Low,Heavy,Low Risk,IRC:82-2015 Systematic Pavement Survey
Visakhapatnam Survey Corridor R-1020,Andhra Pradesh,Visakhapatnam,Visakhapatnam,19,13.2,134.3,15.1,11.6,Medium,Light,Critical Risk,IRC:82-2015 Systematic Pavement Survey
Mysuru Survey Corridor R-0006,Karnataka,Mysuru,Mysuru,37,14.3,63.7,14.9,6.8,High,Moderate,Critical Risk,IRC:82-2015 Systematic Pavement Survey
Mumbai Survey Corridor R-0007,Maharashtra,Mumbai Suburban,Mumbai,2,1.9,7.3,1.1,4.3,Very High,Torrential,Low Risk,IRC:82-2015 Systematic Pavement Survey
Hyderabad Survey Corridor R-0694,Telangana,Hyderabad,Hyderabad,19,7.7,76.3,12.5,34.4,Low,Heavy,Critical Risk,IRC:82-2015 Systematic Pavement Survey
Mumbai Survey Corridor R-0151,Maharashtra,Mumbai Suburban,Mumbai,0,0.0,8.3,1.2,12.8,Medium,Heavy,Low Risk,IRC:82-2015 Systematic Pavement Survey
Poonamallee High Road (Koyambedu - Central Station),Tamil Nadu,Chennai,Chennai,21,11.8,84.0,12.0,9.5,Very High,Torrential,Critical Risk,Verified Physical Survey (MoRTH / NHAI Registry)
Pune Survey Corridor R-0500,Maharashtra,Pune,Pune,3,2.9,115.1,13.6,34.7,Medium,Heavy,Critical Risk,IRC:82-2015 Systematic Pavement Survey
Salem Survey Corridor R-0651,Tamil Nadu,Salem,Salem,2,11.3,18.8,8.1,20.5,High,Torrential,High Risk,IRC:82-2015 Systematic Pavement Survey
Delhi NCR Survey Corridor R-0239,Delhi,South Delhi,Delhi NCR,3,5.0,34.6,6.6,28.3,Medium,Heavy,High Risk,IRC:82-2015 Systematic Pavement Survey
Chennai Survey Corridor R-0446,Tamil Nadu,Chennai,Chennai,3,2.9,75.6,10.9,6.7,Low,Heavy,Critical Risk,IRC:82-2015 Systematic Pavement Survey
Hyderabad Survey Corridor R-0778,Telangana,Hyderabad,Hyderabad,27,6.0,76.5,13.0,16.4,Low,Heavy,Critical Risk,IRC:82-2015 Systematic Pavement Survey
Hyderabad Survey Corridor R-1198,Telangana,Hyderabad,Hyderabad,25,7.6,53.2,6.0,10.6,Medium,Light,Critical Risk,IRC:82-2015 Systematic Pavement Survey
Madurai Survey Corridor R-0676,Tamil Nadu,Madurai,Madurai,28,10.9,31.5,8.4,22.1,Low,Heavy,Critical Risk,IRC:82-2015 Systematic Pavement Survey
Chennai Survey Corridor R-0866,Tamil Nadu,Chennai,Chennai,2,0.1,119.5,7.6,2.8,Medium,Torrential,Critical Risk,IRC:82-2015 Systematic Pavement Survey
Mumbai Survey Corridor R-1135,Maharashtra,Mumbai Suburban,Mumbai,0,0.0,3.2,2.4,28.3,Medium,Torrential,Low Risk,IRC:82-2015 Systematic Pavement Survey
Bengaluru Survey Corridor R-0365,Karnataka,Bengaluru Urban,Bengaluru,3,5.1,29.1,7.8,3.3,Very High,Moderate,High Risk,IRC:82-2015 Systematic Pavement Survey
Mysuru Survey Corridor R-0522,Karnataka,Mysuru,Mysuru,40,13.6,77.7,10.3,2.2,Low,Moderate,Critical Risk,IRC:82-2015 Systematic Pavement Survey
Pune Survey Corridor R-0692,Maharashtra,Pune,Pune,2,2.9,53.2,5.7,21.2,Low,Torrential,High Risk,IRC:82-2015 Systematic Pavement Survey
Coimbatore Survey Corridor R-1117,Tamil Nadu,Coimbatore,Coimbatore,0,0.0,8.9,0.9,23.9,High,Moderate,Low Risk,IRC:82-2015 Systematic Pavement Survey
Bengaluru Survey Corridor R-0725,Karnataka,Bengaluru Urban,Bengaluru,4,4.6,22.3,7.9,19.5,High,Heavy,Medium Risk,IRC:82-2015 Systematic Pavement Survey
Visakhapatnam Survey Corridor R-0564,Andhra Pradesh,Visakhapatnam,Visakhapatnam,19,12.4,64.0,15.0,14.1,High,Light,Critical Risk,IRC:82-2015 Systematic Pavement Survey
Kochi Survey Corridor R-1029,Kerala,Ernakulam,Kochi,2,8.5,22.6,8.9,1.6,Very High,Torrential,High Risk,IRC:82-2015 Systematic Pavement Survey
Kochi Survey Corridor R-0213,Kerala,Ernakulam,Kochi,5,10.7,27.3,4.1,28.8,Medium,Light,High Risk,IRC:82-2015 Systematic Pavement Survey
Salem Survey Corridor R-0387,Tamil Nadu,Salem,Salem,5,14.6,14.4,8.6,33.9,High,Torrential,Critical Risk,IRC:82-2015 Systematic Pavement Survey
Chennai Survey Corridor R-0302,Tamil Nadu,Chennai,Chennai,0,0.0,54.3,8.8,14.0,Medium,Heavy,High Risk,IRC:82-2015 Systematic Pavement Survey
Kochi Survey Corridor R-0177,Kerala,Ernakulam,Kochi,5,11.5,32.5,8.1,21.8,Medium,Moderate,Critical Risk,IRC:82-2015 Systematic Pavement Survey
Delhi NCR Survey Corridor R-1163,Delhi,South Delhi,Delhi NCR,6,3.3,24.2,5.3,20.8,High,Heavy,Medium Risk,IRC:82-2015 Systematic Pavement Survey
Pune Survey Corridor R-0704,Maharashtra,Pune,Pune,2,0.2,65.1,11.1,14.7,Very High,Torrential,Critical Risk,IRC:82-2015 Systematic Pavement Survey
Trichy Road Arterial (Singanallur - Ramanathapuram),Tamil Nadu,Coimbatore,Coimbatore,14,7.5,52.0,7.8,8.2,Very High,Moderate,Critical Risk,Verified Physical Survey (MoRTH / NHAI Registry)
Palakkad - Pollachi State Highway Sector (SH-78),Tamil Nadu,Coimbatore,Pollachi,6,3.8,24.0,5.0,21.0,Medium,Moderate,Medium Risk,Verified Physical Survey (MoRTH / NHAI Registry)
Pune Survey Corridor R-0536,Maharashtra,Pune,Pune,2,1.6,95.3,6.8,27.5,Low,Light,Critical Risk,IRC:82-2015 Systematic Pavement Survey
Delhi NCR Survey Corridor R-0251,Delhi,South Delhi,Delhi NCR,4,3.3,37.3,3.9,30.0,Low,Light,Medium Risk,IRC:82-2015 Systematic Pavement Survey
Coimbatore Survey Corridor R-1021,Tamil Nadu,Coimbatore,Coimbatore,0,0.0,8.8,1.2,17.2,Medium,Moderate,Low Risk,IRC:82-2015 Systematic Pavement Survey
Madurai Survey Corridor R-0784,Tamil Nadu,Madurai,Madurai,15,9.9,24.8,10.5,31.9,Medium,Torrential,Critical Risk,IRC:82-2015 Systematic Pavement Survey
Visakhapatnam Survey Corridor R-1140,Andhra Pradesh,Visakhapatnam,Visakhapatnam,24,15.0,77.2,11.8,25.8,Low,Torrential,Critical Risk,IRC:82-2015 Systematic Pavement Survey
Hyderabad Survey Corridor R-0610,Telangana,Hyderabad,Hyderabad,28,7.3,56.3,9.5,27.3,Medium,Light,Critical Risk,IRC:82-2015 Systematic Pavement Survey
Kochi Survey Corridor R-1149,Kerala,Ernakulam,Kochi,2,11.5,34.0,6.2,5.9,High,Moderate,High Risk,IRC:82-2015 Systematic Pavement Survey
Delhi NCR Survey Corridor R-0155,Delhi,South Delhi,Delhi NCR,6,4.0,14.2,8.0,18.1,Low,Torrential,Medium Risk,IRC:82-2015 Systematic Pavement Survey
Chennai Survey Corridor R-0962,Tamil Nadu,Chennai,Chennai,1,0.5,78.6,12.9,34.1,Very High,Heavy,Critical Risk,IRC:82-2015 Systematic Pavement Survey
Kaloor - Kadavanthra Arterial Link,Kerala,Ernakulam,Kochi,15,8.0,55.0,8.8,3.9,High,Torrential,Critical Risk,Verified Physical Survey (MoRTH / NHAI Registry)
Mumbai Survey Corridor R-1183,Maharashtra,Mumbai Suburban,Mumbai,0,0.0,5.8,2.3,22.1,Very High,Moderate,Low Risk,IRC:82-2015 Systematic Pavement Survey
Coimbatore Survey Corridor R-0493,Tamil Nadu,Coimbatore,Coimbatore,0,0.0,3.6,2.3,16.5,Very High,Heavy,Low Risk,IRC:82-2015 Systematic Pavement Survey
Hyderabad Survey Corridor R-0466,Telangana,Hyderabad,Hyderabad,15,8.7,24.0,8.8,4.8,Very High,Light,Critical Risk,IRC:82-2015 Systematic Pavement Survey
Visakhapatnam Survey Corridor R-0804,Andhra Pradesh,Visakhapatnam,Visakhapatnam,31,13.7,79.7,12.9,34.6,High,Light,Critical Risk,IRC:82-2015 Systematic Pavement Survey
Mumbai Survey Corridor R-0883,Maharashtra,Mumbai Suburban,Mumbai,0,0.0,3.4,1.4,2.4,Medium,Light,Low Risk,IRC:82-2015 Systematic Pavement Survey
Pune Survey Corridor R-0476,Maharashtra,Pune,Pune,0,0.0,98.6,8.5,1.0,Medium,Light,Critical Risk,IRC:82-2015 Systematic Pavement Survey
Pune Survey Corridor R-0752,Maharashtra,Pune,Pune,1,2.4,108.4,6.7,30.0,Low,Torrential,Critical Risk,IRC:82-2015 Systematic Pavement Survey
Chennai Survey Corridor R-0530,Tamil Nadu,Chennai,Chennai,2,0.4,100.1,5.0,15.2,Medium,Moderate,Critical Risk,IRC:82-2015 Systematic Pavement Survey
Mysuru Survey Corridor R-0294,Karnataka,Mysuru,Mysuru,22,9.6,111.2,12.2,21.2,High,Moderate,Critical Risk,IRC:82-2015 Systematic Pavement Survey
Delhi NCR Survey Corridor R-1043,Delhi,South Delhi,Delhi NCR,7,5.8,29.6,4.5,7.4,Very High,Moderate,High Risk,IRC:82-2015 Systematic Pavement Survey
Mysuru Survey Corridor R-0798,Karnataka,Mysuru,Mysuru,44,10.5,74.8,11.6,14.1,Medium,Torrential,Critical Risk,IRC:82-2015 Systematic Pavement Survey
Madurai Survey Corridor R-0196,Tamil Nadu,Madurai,Madurai,14,9.2,37.8,12.8,25.3,Low,Light,Critical Risk,IRC:82-2015 Systematic Pavement Survey
Salem Survey Corridor R-0231,Tamil Nadu,Salem,Salem,2,12.7,18.0,9.9,6.1,Low,Moderate,High Risk,IRC:82-2015 Systematic Pavement Survey
MG Road Commercial Corridor (Kadavanthra - Menaka Sector),Kerala,Ernakulam,Kochi,18,10.5,76.0,10.2,4.8,High,Torrential,Critical Risk,Verified Physical Survey (MoRTH / NHAI Registry)
Visakhapatnam Survey Corridor R-0276,Andhra Pradesh,Visakhapatnam,Visakhapatnam,32,12.5,104.0,16.0,25.3,High,Light,Critical Risk,IRC:82-2015 Systematic Pavement Survey
Hyderabad Survey Corridor R-0418,Telangana,Hyderabad,Hyderabad,12,9.1,48.4,11.0,17.0,Very High,Light,Critical Risk,IRC:82-2015 Systematic Pavement Survey
Old Madras Road Arterial (KR Puram),Karnataka,Bengaluru Urban,Bengaluru,7,4.0,28.0,5.0,6.5,High,Moderate,Medium Risk,IRC:82-2015 Specification Benchmark
Mysuru Survey Corridor R-0258,Karnataka,Mysuru,Mysuru,29,13.0,129.1,14.5,19.4,Very High,Moderate,Critical Risk,IRC:82-2015 Systematic Pavement Survey
Hyderabad Survey Corridor R-0046,Telangana,Hyderabad,Hyderabad,14,13.8,24.5,8.4,7.5,Low,Torrential,Critical Risk,IRC:82-2015 Systematic Pavement Survey
Visakhapatnam Survey Corridor R-0828,Andhra Pradesh,Visakhapatnam,Visakhapatnam,40,12.5,94.9,14.8,21.0,Medium,Torrential,Critical Risk,IRC:82-2015 Systematic Pavement Survey
Madurai Ring Road (Uthangudi Sector),Tamil Nadu,Madurai,Madurai,20,10.2,75.0,11.0,9.5,High,Moderate,Critical Risk,IRC:82-2015 Specification Benchmark
Pune Survey Corridor R-1064,Maharashtra,Pune,Pune,2,1.1,80.5,16.0,17.1,Medium,Torrential,Critical Risk,IRC:82-2015 Systematic Pavement Survey
Kochi Survey Corridor R-0153,Kerala,Ernakulam,Kochi,2,12.0,17.6,9.4,13.3,High,Heavy,High Risk,IRC:82-2015 Systematic Pavement Survey
Visakhapatnam Survey Corridor R-0060,Andhra Pradesh,Visakhapatnam,Visakhapatnam,33,13.7,112.6,13.5,25.8,High,Torrential,Critical Risk,IRC:82-2015 Systematic Pavement Survey
Pune Survey Corridor R-0560,Maharashtra,Pune,Pune,3,1.4,42.8,11.1,22.8,Medium,Heavy,High Risk,IRC:82-2015 Systematic Pavement Survey
Pune Survey Corridor R-0608,Maharashtra,Pune,Pune,3,2.3,103.3,10.7,5.8,Low,Heavy,Critical Risk,IRC:82-2015 Systematic Pavement Survey
Delhi NCR Survey Corridor R-0515,Delhi,South Delhi,Delhi NCR,6,2.5,12.2,4.8,32.5,Medium,Heavy,Medium Risk,IRC:82-2015 Systematic Pavement Survey
Visakhapatnam Survey Corridor R-0012,Andhra Pradesh,Visakhapatnam,Visakhapatnam,38,14.3,137.2,14.9,10.4,Low,Heavy,Critical Risk,IRC:82-2015 Systematic Pavement Survey
Chennai Survey Corridor R-0350,Tamil Nadu,Chennai,Chennai,0,0.0,45.6,9.2,22.9,Medium,Torrential,High Risk,IRC:82-2015 Systematic Pavement Survey
Chennai Survey Corridor R-0686,Tamil Nadu,Chennai,Chennai,1,2.8,86.3,14.5,29.0,Low,Moderate,Critical Risk,IRC:82-2015 Systematic Pavement Survey
Visakhapatnam Survey Corridor R-0948,Andhra Pradesh,Visakhapatnam,Visakhapatnam,22,17.4,76.4,16.4,26.1,Low,Light,Critical Risk,IRC:82-2015 Systematic Pavement Survey
Mysuru Survey Corridor R-0498,Karnataka,Mysuru,Mysuru,18,14.5,83.3,11.7,6.2,Very High,Heavy,Critical Risk,IRC:82-2015 Systematic Pavement Survey
Visakhapatnam Survey Corridor R-0372,Andhra Pradesh,Visakhapatnam,Visakhapatnam,42,17.5,137.4,11.5,1.7,Low,Torrential,Critical Risk,IRC:82-2015 Systematic Pavement Survey
Madurai Survey Corridor R-0892,Tamil Nadu,Madurai,Madurai,29,13.0,40.6,11.5,1.9,High,Moderate,Critical Risk,IRC:82-2015 Systematic Pavement Survey
Mysuru Survey Corridor R-1134,Karnataka,Mysuru,Mysuru,44,12.0,92.2,10.4,17.9,Low,Light,Critical Risk,IRC:82-2015 Systematic Pavement Survey
Chennai Survey Corridor R-1082,Tamil Nadu,Chennai,Chennai,0,0.0,92.2,11.8,31.3,Low,Light,Critical Risk,IRC:82-2015 Systematic Pavement Survey
Kochi Survey Corridor R-0549,Kerala,Ernakulam,Kochi,3,13.0,22.2,8.8,31.8,Medium,Torrential,High Risk,IRC:82-2015 Systematic Pavement Survey
Mumbai Survey Corridor R-0835,Maharashtra,Mumbai Suburban,Mumbai,0,0.0,8.2,0.3,18.4,Medium,Torrential,Low Risk,IRC:82-2015 Systematic Pavement Survey
Bengaluru Survey Corridor R-0905,Karnataka,Bengaluru Urban,Bengaluru,6,4.7,24.5,6.3,8.5,Medium,Moderate,Medium Risk,IRC:82-2015 Systematic Pavement Survey
Mysuru Survey Corridor R-1062,Karnataka,Mysuru,Mysuru,29,16.1,79.5,12.4,17.4,Medium,Torrential,Critical Risk,IRC:82-2015 Systematic Pavement Survey
Coimbatore Survey Corridor R-0265,Tamil Nadu,Coimbatore,Coimbatore,0,0.0,8.8,1.2,1.6,Medium,Light,Low Risk,IRC:82-2015 Systematic Pavement Survey
Salem Survey Corridor R-0507,Tamil Nadu,Salem,Salem,3,11.7,21.4,6.0,2.5,Medium,Moderate,High Risk,IRC:82-2015 Systematic Pavement Survey
Bengaluru Survey Corridor R-1193,Karnataka,Bengaluru Urban,Bengaluru,7,5.5,18.0,3.6,12.1,Medium,Heavy,Medium Risk,IRC:82-2015 Systematic Pavement Survey
Madurai Survey Corridor R-0256,Tamil Nadu,Madurai,Madurai,12,9.0,55.3,13.6,9.6,Medium,Torrential,Critical Risk,IRC:82-2015 Systematic Pavement Survey
Madurai Survey Corridor R-0844,Tamil Nadu,Madurai,Madurai,21,11.9,28.8,11.5,33.1,Low,Moderate,Critical Risk,IRC:82-2015 Systematic Pavement Survey
Hyderabad Survey Corridor R-0862,Telangana,Hyderabad,Hyderabad,27,8.4,54.2,9.8,30.3,Medium,Light,Critical Risk,IRC:82-2015 Systematic Pavement Survey
Kochi Survey Corridor R-0405,Kerala,Ernakulam,Kochi,4,12.5,23.8,6.7,22.6,Very High,Moderate,Critical Risk,IRC:82-2015 Systematic Pavement Survey
Mumbai Survey Corridor R-0523,Maharashtra,Mumbai Suburban,Mumbai,1,0.6,8.6,1.8,15.8,High,Light,Low Risk,IRC:82-2015 Systematic Pavement Survey
Visakhapatnam Survey Corridor R-0696,Andhra Pradesh,Visakhapatnam,Visakhapatnam,18,13.1,78.1,14.9,9.6,High,Moderate,Critical Risk,IRC:82-2015 Systematic Pavement Survey
Bengaluru Survey Corridor R-1037,Karnataka,Bengaluru Urban,Bengaluru,8,4.7,13.3,5.4,1.5,Medium,Heavy,Medium Risk,IRC:82-2015 Systematic Pavement Survey
Mumbai Survey Corridor R-0571,Maharashtra,Mumbai Suburban,Mumbai,0,0.0,3.8,0.8,21.3,Very High,Moderate,Low Risk,IRC:82-2015 Systematic Pavement Survey
Pune Survey Corridor R-0812,Maharashtra,Pune,Pune,2,2.2,87.0,5.2,7.6,Very High,Heavy,Critical Risk,IRC:82-2015 Systematic Pavement Survey
Bellandur Heavy Commuter Choke Corridor,Karnataka,Bengaluru Urban,Bengaluru,38,17.5,135.0,16.0,8.0,Very High,Heavy,Critical Risk,IRC:82-2015 Specification Benchmark
Coimbatore Survey Corridor R-0373,Tamil Nadu,Coimbatore,Coimbatore,0,0.0,0.8,2.1,19.5,Very High,Light,Low Risk,IRC:82-2015 Systematic Pavement Survey
Mumbai Survey Corridor R-0955,Maharashtra,Mumbai Suburban,Mumbai,1,0.2,2.5,1.8,9.7,Low,Torrential,Low Risk,IRC:82-2015 Systematic Pavement Survey
Pune Survey Corridor R-0032,Maharashtra,Pune,Pune,2,2.1,103.8,8.8,4.3,Low,Light,Critical Risk,IRC:82-2015 Systematic Pavement Survey
Chennai Survey Corridor R-1166,Tamil Nadu,Chennai,Chennai,2,0.3,49.8,12.6,23.0,High,Heavy,High Risk,IRC:82-2015 Systematic Pavement Survey
Bengaluru Survey Corridor R-0425,Karnataka,Bengaluru Urban,Bengaluru,3,5.4,36.8,7.1,1.1,High,Moderate,High Risk,IRC:82-2015 Systematic Pavement Survey
Salem Survey Corridor R-0291,Tamil Nadu,Salem,Salem,2,8.1,15.2,8.7,21.5,Medium,Moderate,High Risk,IRC:82-2015 Systematic Pavement Survey
Chennai Survey Corridor R-0134,Tamil Nadu,Chennai,Chennai,0,0.0,55.0,12.0,31.9,Low,Light,High Risk,IRC:82-2015 Systematic Pavement Survey
Madurai Survey Corridor R-0220,Tamil Nadu,Madurai,Madurai,14,10.3,43.0,6.5,28.9,High,Heavy,Critical Risk,IRC:82-2015 Systematic Pavement Survey
Bengaluru Survey Corridor R-0617,Karnataka,Bengaluru Urban,Bengaluru,6,4.1,37.6,6.9,27.3,Very High,Torrential,High Risk,IRC:82-2015 Systematic Pavement Survey
Hyderabad Survey Corridor R-0430,Telangana,Hyderabad,Hyderabad,30,13.2,56.8,13.0,25.6,High,Light,Critical Risk,IRC:82-2015 Systematic Pavement Survey
Delhi NCR Survey Corridor R-0299,Delhi,South Delhi,Delhi NCR,7,2.9,37.3,3.1,26.1,Very High,Torrential,Medium Risk,IRC:82-2015 Systematic Pavement Survey
Mysuru Survey Corridor R-1158,Karnataka,Mysuru,Mysuru,31,15.7,73.5,11.5,16.7,Medium,Torrential,Critical Risk,IRC:82-2015 Systematic Pavement Survey
Chennai Survey Corridor R-0710,Tamil Nadu,Chennai,Chennai,0,0.0,88.5,9.4,26.6,Medium,Moderate,Critical Risk,IRC:82-2015 Systematic Pavement Survey
Bengaluru Survey Corridor R-0917,Karnataka,Bengaluru Urban,Bengaluru,9,5.8,30.7,7.7,18.9,Medium,Moderate,High Risk,IRC:82-2015 Systematic Pavement Survey
Bengaluru Survey Corridor R-0521,Karnataka,Bengaluru Urban,Bengaluru,5,4.0,34.0,7.5,30.8,Very High,Torrential,High Risk,IRC:82-2015 Systematic Pavement Survey
Bengaluru Survey Corridor R-1085,Karnataka,Bengaluru Urban,Bengaluru,4,2.9,30.3,4.5,10.1,Medium,Moderate,Medium Risk,IRC:82-2015 Systematic Pavement Survey
Kochi Survey Corridor R-0489,Kerala,Ernakulam,Kochi,3,9.6,31.7,5.0,13.5,Low,Light,High Risk,IRC:82-2015 Systematic Pavement Survey
Kochi Survey Corridor R-0753,Kerala,Ernakulam,Kochi,3,12.2,25.9,9.3,27.9,Low,Light,High Risk,IRC:82-2015 Systematic Pavement Survey
Chennai Survey Corridor R-0122,Tamil Nadu,Chennai,Chennai,1,0.7,48.7,7.1,10.7,High,Torrential,High Risk,IRC:82-2015 Systematic Pavement Survey
Delhi NCR Survey Corridor R-0647,Delhi,South Delhi,Delhi NCR,8,5.6,32.2,3.4,34.5,Very High,Heavy,High Risk,IRC:82-2015 Systematic Pavement Survey
Mumbai Survey Corridor R-0679,Maharashtra,Mumbai Suburban,Mumbai,0,0.0,4.0,0.9,12.7,Very High,Light,Low Risk,IRC:82-2015 Systematic Pavement Survey
Chennai Survey Corridor R-0050,Tamil Nadu,Chennai,Chennai,1,2.4,103.9,14.5,32.1,Medium,Heavy,Critical Risk,IRC:82-2015 Systematic Pavement Survey
Hyderabad Survey Corridor R-0310,Telangana,Hyderabad,Hyderabad,24,8.3,24.1,6.2,5.6,Very High,Light,Critical Risk,IRC:82-2015 Systematic Pavement Survey
Chennai Survey Corridor R-0398,Tamil Nadu,Chennai,Chennai,2,0.2,63.9,14.5,8.3,High,Heavy,Critical Risk,IRC:82-2015 Systematic Pavement Survey
Delhi NCR Survey Corridor R-0179,Delhi,South Delhi,Delhi NCR,6,3.1,33.9,7.2,33.5,High,Moderate,High Risk,IRC:82-2015 Systematic Pavement Survey
Salem Survey Corridor R-0723,Tamil Nadu,Salem,Salem,2,11.4,6.5,3.3,20.5,Medium,Heavy,High Risk,IRC:82-2015 Systematic Pavement Survey
Kochi Survey Corridor R-0633,Kerala,Ernakulam,Kochi,5,14.5,17.4,4.4,2.4,Medium,Heavy,Critical Risk,IRC:82-2015 Systematic Pavement Survey
Mysuru Survey Corridor R-1050,Karnataka,Mysuru,Mysuru,36,16.2,68.6,16.2,31.9,Very High,Torrential,Critical Risk,IRC:82-2015 Systematic Pavement Survey
Visakhapatnam Survey Corridor R-0144,Andhra Pradesh,Visakhapatnam,Visakhapatnam,27,12.1,78.2,13.4,10.8,High,Torrential,Critical Risk,IRC:82-2015 Systematic Pavement Survey
Bengaluru Survey Corridor R-0845,Karnataka,Bengaluru Urban,Bengaluru,3,2.7,29.4,4.2,9.3,Medium,Moderate,Medium Risk,IRC:82-2015 Systematic Pavement Survey
Delhi NCR Survey Corridor R-1151,Delhi,South Delhi,Delhi NCR,8,5.0,20.1,6.9,16.1,High,Heavy,High Risk,IRC:82-2015 Systematic Pavement Survey
Kochi Survey Corridor R-0201,Kerala,Ernakulam,Kochi,2,9.8,10.6,8.5,12.9,Low,Moderate,High Risk,IRC:82-2015 Systematic Pavement Survey
Delhi NCR Survey Corridor R-0491,Delhi,South Delhi,Delhi NCR,8,3.7,12.5,3.6,15.1,Low,Heavy,Medium Risk,IRC:82-2015 Systematic Pavement Survey
Mysuru Survey Corridor R-0654,Karnataka,Mysuru,Mysuru,29,13.3,127.1,12.9,30.2,Medium,Torrential,Critical Risk,IRC:82-2015 Systematic Pavement Survey
Pune Survey Corridor R-1052,Maharashtra,Pune,Pune,1,1.3,114.9,15.5,9.1,Low,Light,Critical Risk,IRC:82-2015 Systematic Pavement Survey
Delhi NCR Survey Corridor R-0995,Delhi,South Delhi,Delhi NCR,6,2.8,30.6,4.4,26.9,Very High,Moderate,Medium Risk,IRC:82-2015 Systematic Pavement Survey
Hyderabad Survey Corridor R-0478,Telangana,Hyderabad,Hyderabad,17,7.2,64.5,8.5,4.5,Low,Heavy,Critical Risk,IRC:82-2015 Systematic Pavement Survey
Salem Survey Corridor R-0123,Tamil Nadu,Salem,Salem,4,14.7,6.5,3.1,24.7,Very High,Heavy,Critical Risk,IRC:82-2015 Systematic Pavement Survey
Bengaluru Survey Corridor R-0077,Karnataka,Bengaluru Urban,Bengaluru,7,5.3,32.5,3.5,17.8,High,Moderate,High Risk,IRC:82-2015 Systematic Pavement Survey
Salem Survey Corridor R-0843,Tamil Nadu,Salem,Salem,5,12.8,19.6,6.8,32.5,High,Heavy,Critical Risk,IRC:82-2015 Systematic Pavement Survey
Pune Survey Corridor R-0020,Maharashtra,Pune,Pune,2,1.8,80.9,7.2,33.1,High,Heavy,Critical Risk,IRC:82-2015 Systematic Pavement Survey
Salem Survey Corridor R-0819,Tamil Nadu,Salem,Salem,4,10.5,11.7,3.5,29.1,High,Moderate,High Risk,IRC:82-2015 Systematic Pavement Survey
Visakhapatnam Survey Corridor R-0468,Andhra Pradesh,Visakhapatnam,Visakhapatnam,34,13.5,123.6,15.7,2.7,Medium,Moderate,Critical Risk,IRC:82-2015 Systematic Pavement Survey
Chennai Survey Corridor R-0950,Tamil Nadu,Chennai,Chennai,3,1.0,69.4,7.6,22.4,Low,Light,High Risk,IRC:82-2015 Systematic Pavement Survey
Kochi Survey Corridor R-0105,Kerala,Ernakulam,Kochi,4,11.2,23.7,9.0,33.3,Very High,Moderate,High Risk,IRC:82-2015 Systematic Pavement Survey
Pune Survey Corridor R-0188,Maharashtra,Pune,Pune,0,0.0,75.3,14.5,29.7,Medium,Heavy,Critical Risk,IRC:82-2015 Systematic Pavement Survey
Mumbai Survey Corridor R-0247,Maharashtra,Mumbai Suburban,Mumbai,0,0.0,8.9,0.3,30.5,Very High,Light,Low Risk,IRC:82-2015 Systematic Pavement Survey
Mysuru Survey Corridor R-0786,Karnataka,Mysuru,Mysuru,24,17.5,120.4,14.7,29.2,Medium,Moderate,Critical Risk,IRC:82-2015 Systematic Pavement Survey
Bengaluru Survey Corridor R-0473,Karnataka,Bengaluru Urban,Bengaluru,8,2.8,29.7,4.2,25.3,Very High,Light,Medium Risk,IRC:82-2015 Systematic Pavement Survey
Hyderabad Survey Corridor R-0274,Telangana,Hyderabad,Hyderabad,25,9.5,52.5,13.6,29.8,Very High,Light,Critical Risk,IRC:82-2015 Systematic Pavement Survey
Coimbatore Survey Corridor R-0037,Tamil Nadu,Coimbatore,Coimbatore,0,0.0,8.0,2.6,32.8,Very High,Moderate,Low Risk,IRC:82-2015 Systematic Pavement Survey
Salem Survey Corridor R-0483,Tamil Nadu,Salem,Salem,5,13.6,13.9,3.7,27.6,Very High,Light,Critical Risk,IRC:82-2015 Systematic Pavement Survey
Coimbatore Survey Corridor R-0733,Tamil Nadu,Coimbatore,Coimbatore,0,0.0,7.2,0.9,34.2,Very High,Moderate,Low Risk,IRC:82-2015 Systematic Pavement Survey
Bengaluru Survey Corridor R-0833,Karnataka,Bengaluru Urban,Bengaluru,4,3.2,15.5,6.2,11.9,Very High,Light,Medium Risk,IRC:82-2015 Systematic Pavement Survey
Delhi NCR Survey Corridor R-0779,Delhi,South Delhi,Delhi NCR,8,3.9,29.2,5.2,23.0,Medium,Torrential,Medium Risk,IRC:82-2015 Systematic Pavement Survey
Chennai Survey Corridor R-0890,Tamil Nadu,Chennai,Chennai,2,0.9,89.6,11.6,24.7,High,Moderate,Critical Risk,IRC:82-2015 Systematic Pavement Survey
Hyderabad Survey Corridor R-1018,Telangana,Hyderabad,Hyderabad,14,10.9,78.9,13.3,15.9,High,Heavy,Critical Risk,IRC:82-2015 Systematic Pavement Survey
Delhi NCR Survey Corridor R-1079,Delhi,South Delhi,Delhi NCR,3,5.7,30.5,5.1,18.6,High,Moderate,Medium Risk,IRC:82-2015 Systematic Pavement Survey
Chennai Survey Corridor R-0242,Tamil Nadu,Chennai,Chennai,3,0.7,48.6,14.6,8.5,High,Moderate,High Risk,IRC:82-2015 Systematic Pavement Survey
Visakhapatnam Survey Corridor R-0972,Andhra Pradesh,Visakhapatnam,Visakhapatnam,27,14.2,66.6,11.2,15.9,Medium,Light,Critical Risk,IRC:82-2015 Systematic Pavement Survey
Madurai Survey Corridor R-0328,Tamil Nadu,Madurai,Madurai,12,9.0,22.9,6.3,26.4,Low,Light,Critical Risk,IRC:82-2015 Systematic Pavement Survey
Mumbai Survey Corridor R-0175,Maharashtra,Mumbai Suburban,Mumbai,1,0.8,6.9,1.4,13.0,Medium,Heavy,Low Risk,IRC:82-2015 Systematic Pavement Survey
Coimbatore Survey Corridor R-0841,Tamil Nadu,Coimbatore,Coimbatore,0,0.0,6.9,0.6,23.4,Very High,Heavy,Low Risk,IRC:82-2015 Systematic Pavement Survey
Mumbai Survey Corridor R-0727,Maharashtra,Mumbai Suburban,Mumbai,0,0.0,3.7,0.7,8.5,Low,Torrential,Low Risk,IRC:82-2015 Systematic Pavement Survey
Bengaluru Survey Corridor R-0245,Karnataka,Bengaluru Urban,Bengaluru,4,3.9,17.7,5.1,7.9,High,Torrential,Medium Risk,IRC:82-2015 Systematic Pavement Survey
Mumbai Survey Corridor R-1039,Maharashtra,Mumbai Suburban,Mumbai,0,0.0,6.2,1.9,26.7,High,Torrential,Low Risk,IRC:82-2015 Systematic Pavement Survey
Chennai Survey Corridor R-1142,Tamil Nadu,Chennai,Chennai,0,0.0,74.4,6.9,12.5,Very High,Moderate,Critical Risk,IRC:82-2015 Systematic Pavement Survey
Kochi Survey Corridor R-0189,Kerala,Ernakulam,Kochi,3,13.2,24.5,5.6,20.1,Low,Moderate,High Risk,IRC:82-2015 Systematic Pavement Survey
Coimbatore Survey Corridor R-0781,Tamil Nadu,Coimbatore,Coimbatore,0,0.0,4.7,0.5,30.5,Low,Light,Low Risk,IRC:82-2015 Systematic Pavement Survey
Delhi NCR Survey Corridor R-0011,Delhi,South Delhi,Delhi NCR,8,3.2,13.2,4.6,14.2,Medium,Heavy,Medium Risk,IRC:82-2015 Systematic Pavement Survey
Hyderabad Survey Corridor R-0034,Telangana,Hyderabad,Hyderabad,34,9.9,61.7,7.8,6.9,Very High,Light,Critical Risk,IRC:82-2015 Systematic Pavement Survey
Chennai Survey Corridor R-0542,Tamil Nadu,Chennai,Chennai,0,0.0,96.8,11.2,33.2,Low,Light,Critical Risk,IRC:82-2015 Systematic Pavement Survey
Vikas Marg Arterial Strip (ITO Bridge - Laxmi Nagar),Delhi,East Delhi,Delhi NCR,18,9.8,68.0,9.5,5.6,Very High,Heavy,Critical Risk,Verified Physical Survey (MoRTH / NHAI Registry)
Delhi NCR Survey Corridor R-0791,Delhi,South Delhi,Delhi NCR,7,2.5,17.9,5.8,13.0,Medium,Torrential,Medium Risk,IRC:82-2015 Systematic Pavement Survey
Madurai Survey Corridor R-0388,Tamil Nadu,Madurai,Madurai,20,12.2,50.3,13.7,15.2,High,Light,Critical Risk,IRC:82-2015 Systematic Pavement Survey
Coimbatore Survey Corridor R-0385,Tamil Nadu,Coimbatore,Coimbatore,0,0.0,1.5,1.9,13.3,High,Moderate,Low Risk,IRC:82-2015 Systematic Pavement Survey
Madurai Survey Corridor R-0856,Tamil Nadu,Madurai,Madurai,31,9.9,78.5,9.0,13.1,Low,Light,Critical Risk,IRC:82-2015 Systematic Pavement Survey
Mumbai Survey Corridor R-0583,Maharashtra,Mumbai Suburban,Mumbai,0,0.0,7.9,2.5,8.3,High,Torrential,Low Risk,IRC:82-2015 Systematic Pavement Survey
Mysuru Survey Corridor R-0714,Karnataka,Mysuru,Mysuru,33,17.0,104.8,16.6,25.2,Very High,Torrential,Critical Risk,IRC:82-2015 Systematic Pavement Survey
Bengaluru Survey Corridor R-0017,Karnataka,Bengaluru Urban,Bengaluru,3,3.8,37.3,7.2,25.5,High,Heavy,High Risk,IRC:82-2015 Systematic Pavement Survey
Visakhapatnam Survey Corridor R-0024,Andhra Pradesh,Visakhapatnam,Visakhapatnam,20,9.1,100.9,13.3,8.6,High,Moderate,Critical Risk,IRC:82-2015 Systematic Pavement Survey
Hyderabad Survey Corridor R-0910,Telangana,Hyderabad,Hyderabad,27,10.0,29.2,11.8,21.4,Very High,Torrential,Critical Risk,IRC:82-2015 Systematic Pavement Survey
Hyderabad Survey Corridor R-0022,Telangana,Hyderabad,Hyderabad,23,6.7,73.6,10.3,28.5,Very High,Light,Critical Risk,IRC:82-2015 Systematic Pavement Survey
Coimbatore Survey Corridor R-0397,Tamil Nadu,Coimbatore,Coimbatore,0,0.0,1.6,2.6,8.7,Very High,Heavy,Low Risk,IRC:82-2015 Systematic Pavement Survey
Chennai Survey Corridor R-0758,Tamil Nadu,Chennai,Chennai,3,2.3,45.0,5.0,25.2,Low,Torrential,High Risk,IRC:82-2015 Systematic Pavement Survey
Madurai Survey Corridor R-0376,Tamil Nadu,Madurai,Madurai,33,12.6,60.1,9.7,15.0,Low,Heavy,Critical Risk,IRC:82-2015 Systematic Pavement Survey
Hyderabad Survey Corridor R-1162,Telangana,Hyderabad,Hyderabad,19,13.6,75.2,8.5,8.1,Low,Torrential,Critical Risk,IRC:82-2015 Systematic Pavement Survey
Kochi Survey Corridor R-0933,Kerala,Ernakulam,Kochi,3,15.8,31.0,7.2,24.8,Very High,Moderate,High Risk,IRC:82-2015 Systematic Pavement Survey
Pune Survey Corridor R-0344,Maharashtra,Pune,Pune,2,2.1,109.2,12.0,26.9,High,Torrential,Critical Risk,IRC:82-2015 Systematic Pavement Survey
Mysuru Survey Corridor R-1038,Karnataka,Mysuru,Mysuru,41,13.5,132.9,11.2,23.0,Medium,Heavy,Critical Risk,IRC:82-2015 Systematic Pavement Survey
Mysuru Survey Corridor R-0606,Karnataka,Mysuru,Mysuru,28,16.5,127.4,13.0,22.5,Medium,Light,Critical Risk,IRC:82-2015 Systematic Pavement Survey
Bengaluru Survey Corridor R-0653,Karnataka,Bengaluru Urban,Bengaluru,3,5.8,12.4,5.6,17.0,Low,Heavy,Medium Risk,IRC:82-2015 Systematic Pavement Survey
Pune Survey Corridor R-0044,Maharashtra,Pune,Pune,3,0.1,89.9,6.9,33.0,Low,Moderate,Critical Risk,IRC:82-2015 Systematic Pavement Survey
Bengaluru Survey Corridor R-0533,Karnataka,Bengaluru Urban,Bengaluru,3,5.5,23.0,4.5,12.1,Low,Torrential,Medium Risk,IRC:82-2015 Systematic Pavement Survey
Salem Survey Corridor R-0855,Tamil Nadu,Salem,Salem,4,10.0,33.3,5.1,27.4,Very High,Light,High Risk,IRC:82-2015 Systematic Pavement Survey
Chennai Survey Corridor R-0002,Tamil Nadu,Chennai,Chennai,2,0.3,74.0,8.7,5.9,High,Moderate,Critical Risk,IRC:82-2015 Systematic Pavement Survey
Bengaluru Survey Corridor R-0221,Karnataka,Bengaluru Urban,Bengaluru,5,3.4,12.0,3.8,16.9,Very High,Light,Medium Risk,IRC:82-2015 Systematic Pavement Survey
Madurai Survey Corridor R-0760,Tamil Nadu,Madurai,Madurai,16,9.6,25.1,10.4,13.9,Low,Light,Critical Risk,IRC:82-2015 Systematic Pavement Survey
Hyderabad Survey Corridor R-0178,Telangana,Hyderabad,Hyderabad,34,11.0,76.2,11.9,8.3,Very High,Heavy,Critical Risk,IRC:82-2015 Systematic Pavement Survey
Mumbai Survey Corridor R-0163,Maharashtra,Mumbai Suburban,Mumbai,0,0.0,2.2,2.2,30.1,High,Torrential,Low Risk,IRC:82-2015 Systematic Pavement Survey
Coimbatore Survey Corridor R-0085,Tamil Nadu,Coimbatore,Coimbatore,0,0.0,2.6,2.6,8.6,Medium,Moderate,Low Risk,IRC:82-2015 Systematic Pavement Survey
Visakhapatnam Survey Corridor R-1116,Andhra Pradesh,Visakhapatnam,Visakhapatnam,44,12.4,133.9,14.4,10.2,Medium,Light,Critical Risk,IRC:82-2015 Systematic Pavement Survey
Coimbatore Survey Corridor R-0313,Tamil Nadu,Coimbatore,Coimbatore,0,0.0,1.7,0.8,17.5,Medium,Light,Low Risk,IRC:82-2015 Systematic Pavement Survey
Hyderabad Survey Corridor R-0058,Telangana,Hyderabad,Hyderabad,32,5.7,45.7,11.5,3.0,Medium,Light,Critical Risk,IRC:82-2015 Systematic Pavement Survey
Mysuru Survey Corridor R-0834,Karnataka,Mysuru,Mysuru,38,9.0,132.3,10.2,8.1,Low,Torrential,Critical Risk,IRC:82-2015 Systematic Pavement Survey
Hyderabad Survey Corridor R-0190,Telangana,Hyderabad,Hyderabad,14,11.3,40.4,11.8,3.2,High,Torrential,Critical Risk,IRC:82-2015 Systematic Pavement Survey
Chennai Survey Corridor R-1154,Tamil Nadu,Chennai,Chennai,0,0.0,58.6,15.3,25.6,Low,Moderate,High Risk,IRC:82-2015 Systematic Pavement Survey
Ukkadam - Perur Main Bypass Corridor,Tamil Nadu,Coimbatore,Coimbatore,19,9.2,71.0,10.5,5.4,High,Heavy,Critical Risk,Verified Physical Survey (MoRTH / NHAI Registry)
Bengaluru Survey Corridor R-0389,Karnataka,Bengaluru Urban,Bengaluru,7,5.0,20.4,8.0,34.3,High,Heavy,High Risk,IRC:82-2015 Systematic Pavement Survey
Mysuru Survey Corridor R-1170,Karnataka,Mysuru,Mysuru,35,16.9,64.8,17.1,12.2,Medium,Moderate,Critical Risk,IRC:82-2015 Systematic Pavement Survey
Bengaluru Survey Corridor R-0329,Karnataka,Bengaluru Urban,Bengaluru,5,2.7,12.3,7.8,26.1,Medium,Heavy,Medium Risk,IRC:82-2015 Systematic Pavement Survey
Hyderabad Survey Corridor R-0970,Telangana,Hyderabad,Hyderabad,25,9.6,47.2,8.2,33.6,Very High,Light,Critical Risk,IRC:82-2015 Systematic Pavement Survey
Pune Survey Corridor R-0944,Maharashtra,Pune,Pune,2,1.3,83.1,5.2,2.2,Very High,Moderate,Critical Risk,IRC:82-2015 Systematic Pavement Survey
Bengaluru Survey Corridor R-0497,Karnataka,Bengaluru Urban,Bengaluru,7,4.8,37.3,7.2,1.8,High,Torrential,High Risk,IRC:82-2015 Systematic Pavement Survey
Madurai Survey Corridor R-0400,Tamil Nadu,Madurai,Madurai,18,12.3,23.5,13.2,23.1,Medium,Heavy,Critical Risk,IRC:82-2015 Systematic Pavement Survey
Pune Survey Corridor R-1100,Maharashtra,Pune,Pune,0,0.0,43.4,6.0,9.9,High,Torrential,High Risk,IRC:82-2015 Systematic Pavement Survey
Visakhapatnam Survey Corridor R-0084,Andhra Pradesh,Visakhapatnam,Visakhapatnam,25,10.1,111.9,16.0,20.8,Medium,Light,Critical Risk,IRC:82-2015 Systematic Pavement Survey
Kochi Survey Corridor R-0441,Kerala,Ernakulam,Kochi,4,13.5,9.2,6.4,1.9,High,Heavy,Critical Risk,IRC:82-2015 Systematic Pavement Survey
Delhi NCR Survey Corridor R-1103,Delhi,South Delhi,Delhi NCR,3,3.8,22.9,3.2,10.8,High,Torrential,Medium Risk,IRC:82-2015 Systematic Pavement Survey
Delhi NCR Survey Corridor R-0479,Delhi,South Delhi,Delhi NCR,5,4.5,34.5,5.9,31.8,High,Light,Medium Risk,IRC:82-2015 Systematic Pavement Survey
Kochi Survey Corridor R-0117,Kerala,Ernakulam,Kochi,4,11.0,5.6,5.3,8.2,Medium,Moderate,High Risk,IRC:82-2015 Systematic Pavement Survey
Madurai Survey Corridor R-1156,Tamil Nadu,Madurai,Madurai,26,5.7,31.6,13.6,14.9,Very High,Moderate,Critical Risk,IRC:82-2015 Systematic Pavement Survey
Salem Survey Corridor R-0711,Tamil Nadu,Salem,Salem,2,14.2,16.9,6.1,31.4,High,Light,High Risk,IRC:82-2015 Systematic Pavement Survey
Kochi Survey Corridor R-1041,Kerala,Ernakulam,Kochi,3,12.5,12.6,9.4,10.0,Medium,Light,High Risk,IRC:82-2015 Systematic Pavement Survey
Mumbai Survey Corridor R-1195,Maharashtra,Mumbai Suburban,Mumbai,0,0.0,7.2,2.9,10.1,High,Light,Low Risk,IRC:82-2015 Systematic Pavement Survey
DB Road Commercial Avenue (R.S. Puram),Tamil Nadu,Coimbatore,Coimbatore,0,0.0,4.0,1.2,2.4,High,Moderate,Low Risk,Verified Physical Survey (MoRTH / NHAI Registry)
Coimbatore Survey Corridor R-0553,Tamil Nadu,Coimbatore,Coimbatore,0,0.0,3.4,2.9,27.7,High,Heavy,Low Risk,IRC:82-2015 Systematic Pavement Survey
Salem Survey Corridor R-0879,Tamil Nadu,Salem,Salem,5,8.9,30.1,6.5,1.5,High,Heavy,High Risk,IRC:82-2015 Systematic Pavement Survey
Kochi Survey Corridor R-0297,Kerala,Ernakulam,Kochi,5,15.7,24.0,8.3,6.8,Medium,Moderate,Critical Risk,IRC:82-2015 Systematic Pavement Survey
Bengaluru Survey Corridor R-0269,Karnataka,Bengaluru Urban,Bengaluru,3,2.8,19.5,3.5,23.1,Medium,Moderate,Medium Risk,IRC:82-2015 Systematic Pavement Survey
Mumbai Survey Corridor R-1099,Maharashtra,Mumbai Suburban,Mumbai,0,0.0,7.3,0.9,11.1,Medium,Heavy,Low Risk,IRC:82-2015 Systematic Pavement Survey
Visakhapatnam Survey Corridor R-0864,Andhra Pradesh,Visakhapatnam,Visakhapatnam,31,16.9,117.8,11.9,25.0,Very High,Torrential,Critical Risk,IRC:82-2015 Systematic Pavement Survey
Mysuru Survey Corridor R-0198,Karnataka,Mysuru,Mysuru,44,17.5,122.9,10.7,15.2,Very High,Heavy,Critical Risk,IRC:82-2015 Systematic Pavement Survey
Kochi Survey Corridor R-0909,Kerala,Ernakulam,Kochi,5,8.0,6.2,9.8,9.2,High,Light,High Risk,IRC:82-2015 Systematic Pavement Survey
Hyderabad Survey Corridor R-0934,Telangana,Hyderabad,Hyderabad,30,11.2,37.4,7.6,10.0,Very High,Light,Critical Risk,IRC:82-2015 Systematic Pavement Survey
Mumbai Survey Corridor R-0799,Maharashtra,Mumbai Suburban,Mumbai,0,0.0,4.6,1.6,14.0,High,Moderate,Low Risk,IRC:82-2015 Systematic Pavement Survey
Delhi NCR Survey Corridor R-1019,Delhi,South Delhi,Delhi NCR,5,2.8,13.7,6.0,29.1,Low,Moderate,Medium Risk,IRC:82-2015 Systematic Pavement Survey
Delhi NCR Survey Corridor R-0863,Delhi,South Delhi,Delhi NCR,5,5.7,33.9,6.7,6.7,Medium,Heavy,High Risk,IRC:82-2015 Systematic Pavement Survey
Kochi Survey Corridor R-0465,Kerala,Ernakulam,Kochi,5,13.6,8.1,5.8,25.6,Medium,Torrential,Critical Risk,IRC:82-2015 Systematic Pavement Survey
Mysuru Survey Corridor R-0846,Karnataka,Mysuru,Mysuru,20,10.6,60.4,13.6,3.9,Medium,Torrential,Critical Risk,IRC:82-2015 Systematic Pavement Survey
Madurai Survey Corridor R-0664,Tamil Nadu,Madurai,Madurai,12,8.2,25.6,9.9,32.3,Low,Heavy,High Risk,IRC:82-2015 Systematic Pavement Survey
Madurai Survey Corridor R-0880,Tamil Nadu,Madurai,Madurai,18,6.8,37.1,8.3,13.8,Very High,Moderate,Critical Risk,IRC:82-2015 Systematic Pavement Survey
Hyderabad Survey Corridor R-1138,Telangana,Hyderabad,Hyderabad,29,8.2,50.2,9.9,1.1,Very High,Heavy,Critical Risk,IRC:82-2015 Systematic Pavement Survey
Pune Survey Corridor R-0380,Maharashtra,Pune,Pune,2,2.8,82.6,13.3,20.0,Medium,Light,Critical Risk,IRC:82-2015 Systematic Pavement Survey
Salem Survey Corridor R-0471,Tamil Nadu,Salem,Salem,2,13.1,34.4,7.2,13.2,Low,Light,High Risk,IRC:82-2015 Systematic Pavement Survey
Hyderabad Survey Corridor R-0166,Telangana,Hyderabad,Hyderabad,29,13.0,69.0,8.7,9.8,Medium,Heavy,Critical Risk,IRC:82-2015 Systematic Pavement Survey
Visakhapatnam Survey Corridor R-0168,Andhra Pradesh,Visakhapatnam,Visakhapatnam,38,11.7,135.9,16.1,5.8,Medium,Moderate,Critical Risk,IRC:82-2015 Systematic Pavement Survey
Coimbatore Survey Corridor R-1033,Tamil Nadu,Coimbatore,Coimbatore,1,1.2,0.7,1.6,12.7,Low,Heavy,Low Risk,IRC:82-2015 Systematic Pavement Survey
Pune Survey Corridor R-0152,Maharashtra,Pune,Pune,0,0.0,84.9,5.4,32.0,Medium,Torrential,Critical Risk,IRC:82-2015 Systematic Pavement Survey
Mumbai Survey Corridor R-0019,Maharashtra,Mumbai Suburban,Mumbai,0,0.0,5.7,1.1,18.3,Medium,Light,Low Risk,IRC:82-2015 Systematic Pavement Survey
Madurai Survey Corridor R-0088,Tamil Nadu,Madurai,Madurai,25,7.7,79.7,11.6,14.1,High,Light,Critical Risk,IRC:82-2015 Systematic Pavement Survey
Chennai Survey Corridor R-0590,Tamil Nadu,Chennai,Chennai,1,2.6,45.3,12.0,20.8,Medium,Light,High Risk,IRC:82-2015 Systematic Pavement Survey
Delhi NCR Survey Corridor R-0875,Delhi,South Delhi,Delhi NCR,4,3.5,19.7,4.6,6.6,Medium,Torrential,Medium Risk,IRC:82-2015 Systematic Pavement Survey
Visakhapatnam Survey Corridor R-0612,Andhra Pradesh,Visakhapatnam,Visakhapatnam,25,14.3,74.8,14.8,30.3,Medium,Torrential,Critical Risk,IRC:82-2015 Systematic Pavement Survey
Coimbatore Survey Corridor R-0073,Tamil Nadu,Coimbatore,Coimbatore,0,0.0,6.7,0.9,13.8,Low,Moderate,Low Risk,IRC:82-2015 Systematic Pavement Survey
Salem Survey Corridor R-0807,Tamil Nadu,Salem,Salem,5,8.2,15.1,4.2,4.3,High,Moderate,High Risk,IRC:82-2015 Systematic Pavement Survey
Visakhapatnam Survey Corridor R-0348,Andhra Pradesh,Visakhapatnam,Visakhapatnam,27,15.8,62.8,16.0,7.9,Medium,Light,Critical Risk,IRC:82-2015 Systematic Pavement Survey
Kochi Survey Corridor R-0681,Kerala,Ernakulam,Kochi,4,9.3,22.9,4.1,33.9,Low,Heavy,High Risk,IRC:82-2015 Systematic Pavement Survey
Salem Survey Corridor R-0447,Tamil Nadu,Salem,Salem,4,11.5,14.1,4.8,7.6,Low,Light,Critical Risk,IRC:82-2015 Systematic Pavement Survey
Mumbai Survey Corridor R-0919,Maharashtra,Mumbai Suburban,Mumbai,0,0.0,1.6,2.2,25.2,Low,Torrential,Low Risk,IRC:82-2015 Systematic Pavement Survey
Visakhapatnam Survey Corridor R-0444,Andhra Pradesh,Visakhapatnam,Visakhapatnam,22,17.6,85.1,17.1,21.5,Very High,Light,Critical Risk,IRC:82-2015 Systematic Pavement Survey
Mysuru Survey Corridor R-0930,Karnataka,Mysuru,Mysuru,24,12.9,127.5,12.1,15.3,Medium,Torrential,Critical Risk,IRC:82-2015 Systematic Pavement Survey
Delhi NCR Survey Corridor R-0287,Delhi,South Delhi,Delhi NCR,4,4.1,27.3,3.8,26.1,Medium,Light,Medium Risk,IRC:82-2015 Systematic Pavement Survey
Chennai Survey Corridor R-0326,Tamil Nadu,Chennai,Chennai,0,0.0,105.1,10.4,14.1,Medium,Torrential,Critical Risk,IRC:82-2015 Systematic Pavement Survey
Avinashi Road Arterial Corridor (Peelamedu - Hopes College),Tamil Nadu,Coimbatore,Coimbatore,28,14.5,98.0,14.2,14.5,Very High,Heavy,Critical Risk,Verified Physical Survey (MoRTH / NHAI Registry)
Visakhapatnam Survey Corridor R-0300,Andhra Pradesh,Visakhapatnam,Visakhapatnam,18,16.6,101.7,15.0,4.0,High,Torrential,Critical Risk,IRC:82-2015 Systematic Pavement Survey
Salem Survey Corridor R-1131,Tamil Nadu,Salem,Salem,5,13.6,24.3,8.5,32.9,High,Moderate,Critical Risk,IRC:82-2015 Systematic Pavement Survey
Mumbai Survey Corridor R-0415,Maharashtra,Mumbai Suburban,Mumbai,0,0.0,3.5,1.6,23.2,Medium,Torrential,Low Risk,IRC:82-2015 Systematic Pavement Survey
Kochi Survey Corridor R-0801,Kerala,Ernakulam,Kochi,4,15.0,21.7,9.7,2.7,High,Heavy,Critical Risk,IRC:82-2015 Systematic Pavement Survey
Salem Survey Corridor R-0795,Tamil Nadu,Salem,Salem,3,14.3,23.0,5.9,33.6,Medium,Heavy,High Risk,IRC:82-2015 Systematic Pavement Survey
Chennai Survey Corridor R-1034,Tamil Nadu,Chennai,Chennai,1,1.7,87.6,13.6,24.9,High,Moderate,Critical Risk,IRC:82-2015 Systematic Pavement Survey
Madurai Survey Corridor R-0112,Tamil Nadu,Madurai,Madurai,20,5.8,48.9,11.5,18.4,High,Heavy,Critical Risk,IRC:82-2015 Systematic Pavement Survey
Mysuru Survey Corridor R-0390,Karnataka,Mysuru,Mysuru,44,15.2,67.4,10.2,29.0,Medium,Moderate,Critical Risk,IRC:82-2015 Systematic Pavement Survey
Bengaluru Survey Corridor R-0065,Karnataka,Bengaluru Urban,Bengaluru,3,4.4,29.8,6.1,33.1,Medium,Light,High Risk,IRC:82-2015 Systematic Pavement Survey
Pune Survey Corridor R-0644,Maharashtra,Pune,Pune,3,0.5,47.5,15.7,26.8,Very High,Torrential,Critical Risk,IRC:82-2015 Systematic Pavement Survey
Chennai Survey Corridor R-0470,Tamil Nadu,Chennai,Chennai,1,0.5,57.6,5.2,20.8,High,Light,High Risk,IRC:82-2015 Systematic Pavement Survey
Mysuru Survey Corridor R-0030,Karnataka,Mysuru,Mysuru,23,12.3,110.6,15.1,19.2,Very High,Torrential,Critical Risk,IRC:82-2015 Systematic Pavement Survey
Mumbai Survey Corridor R-1159,Maharashtra,Mumbai Suburban,Mumbai,0,0.0,5.8,2.0,29.0,Very High,Torrential,Low Risk,IRC:82-2015 Systematic Pavement Survey
Coimbatore Survey Corridor R-0121,Tamil Nadu,Coimbatore,Coimbatore,0,0.0,3.0,2.8,1.3,Low,Moderate,Low Risk,IRC:82-2015 Systematic Pavement Survey
Hyderabad Survey Corridor R-1090,Telangana,Hyderabad,Hyderabad,18,12.1,32.1,12.4,29.9,Low,Light,Critical Risk,IRC:82-2015 Systematic Pavement Survey
Mysuru Survey Corridor R-0354,Karnataka,Mysuru,Mysuru,41,15.1,124.4,12.2,29.1,Low,Heavy,Critical Risk,IRC:82-2015 Systematic Pavement Survey
Delhi NCR Survey Corridor R-0191,Delhi,South Delhi,Delhi NCR,3,4.4,29.2,6.7,18.7,Low,Moderate,High Risk,IRC:82-2015 Systematic Pavement Survey
Kochi Survey Corridor R-0009,Kerala,Ernakulam,Kochi,3,13.3,14.4,6.6,19.6,Medium,Light,High Risk,IRC:82-2015 Systematic Pavement Survey
Delhi NCR Survey Corridor R-0071,Delhi,South Delhi,Delhi NCR,6,3.1,31.5,7.0,34.7,Very High,Torrential,High Risk,IRC:82-2015 Systematic Pavement Survey
Visakhapatnam Survey Corridor R-0240,Andhra Pradesh,Visakhapatnam,Visakhapatnam,44,13.4,112.9,14.4,21.3,Medium,Moderate,Critical Risk,IRC:82-2015 Systematic Pavement Survey
Bengaluru Survey Corridor R-0677,Karnataka,Bengaluru Urban,Bengaluru,6,5.1,19.2,4.4,33.8,Very High,Moderate,High Risk,IRC:82-2015 Systematic Pavement Survey
Chennai Survey Corridor R-0266,Tamil Nadu,Chennai,Chennai,1,2.6,83.5,5.3,32.7,Medium,Torrential,Critical Risk,IRC:82-2015 Systematic Pavement Survey
Pune Survey Corridor R-1172,Maharashtra,Pune,Pune,0,0.0,45.7,8.4,31.1,Very High,Light,High Risk,IRC:82-2015 Systematic Pavement Survey
Chennai Survey Corridor R-0830,Tamil Nadu,Chennai,Chennai,3,1.2,104.0,5.2,23.1,Low,Light,Critical Risk,IRC:82-2015 Systematic Pavement Survey
Mumbai Survey Corridor R-0439,Maharashtra,Mumbai Suburban,Mumbai,0,0.0,0.6,1.3,11.6,Medium,Torrential,Low Risk,IRC:82-2015 Systematic Pavement Survey
Visakhapatnam Survey Corridor R-0672,Andhra Pradesh,Visakhapatnam,Visakhapatnam,28,16.2,91.4,16.0,5.3,Low,Light,Critical Risk,IRC:82-2015 Systematic Pavement Survey
Salem Survey Corridor R-0963,Tamil Nadu,Salem,Salem,2,9.3,15.0,9.6,12.7,Medium,Torrential,High Risk,IRC:82-2015 Systematic Pavement Survey
Salem Survey Corridor R-0435,Tamil Nadu,Salem,Salem,3,11.6,29.0,8.8,30.2,High,Light,High Risk,IRC:82-2015 Systematic Pavement Survey
Kochi Survey Corridor R-1113,Kerala,Ernakulam,Kochi,2,9.6,27.3,3.4,30.0,Medium,Moderate,High Risk,IRC:82-2015 Systematic Pavement Survey
Chennai Survey Corridor R-0278,Tamil Nadu,Chennai,Chennai,2,0.2,114.4,8.9,4.4,Low,Torrential,Critical Risk,IRC:82-2015 Systematic Pavement Survey
Coimbatore Survey Corridor R-0361,Tamil Nadu,Coimbatore,Coimbatore,0,0.0,4.7,1.0,33.0,Medium,Heavy,Low Risk,IRC:82-2015 Systematic Pavement Survey
Pune Survey Corridor R-0104,Maharashtra,Pune,Pune,1,1.7,42.7,13.0,19.6,Low,Torrential,High Risk,IRC:82-2015 Systematic Pavement Survey
HITEC City - Gachibowli Financial District Axis,Telangana,Hyderabad,Hyderabad,4,2.8,19.0,3.8,8.4,Very High,Moderate,Medium Risk,Verified Physical Survey (MoRTH / NHAI Registry)
Visakhapatnam Survey Corridor R-0456,Andhra Pradesh,Visakhapatnam,Visakhapatnam,44,13.6,99.4,14.6,30.4,Medium,Heavy,Critical Risk,IRC:82-2015 Systematic Pavement Survey
Coimbatore Survey Corridor R-0133,Tamil Nadu,Coimbatore,Coimbatore,0,0.0,7.2,0.8,6.6,Low,Light,Low Risk,IRC:82-2015 Systematic Pavement Survey
Chennai Survey Corridor R-0854,Tamil Nadu,Chennai,Chennai,1,1.0,41.0,8.8,30.3,High,Torrential,High Risk,IRC:82-2015 Systematic Pavement Survey
Mysuru Survey Corridor R-1014,Karnataka,Mysuru,Mysuru,19,17.7,96.3,14.1,20.5,Very High,Light,Critical Risk,IRC:82-2015 Systematic Pavement Survey
Coimbatore Survey Corridor R-0109,Tamil Nadu,Coimbatore,Coimbatore,1,0.9,6.0,0.7,7.5,High,Light,Low Risk,IRC:82-2015 Systematic Pavement Survey
Mysuru Survey Corridor R-1086,Karnataka,Mysuru,Mysuru,36,12.7,138.4,15.2,26.2,Very High,Light,Critical Risk,IRC:82-2015 Systematic Pavement Survey
Madurai Survey Corridor R-0592,Tamil Nadu,Madurai,Madurai,26,11.7,54.3,13.9,15.1,Low,Moderate,Critical Risk,IRC:82-2015 Systematic Pavement Survey
Bengaluru Survey Corridor R-0113,Karnataka,Bengaluru Urban,Bengaluru,7,2.5,34.6,3.4,21.3,Very High,Heavy,Medium Risk,IRC:82-2015 Systematic Pavement Survey
Chennai Survey Corridor R-0458,Tamil Nadu,Chennai,Chennai,3,3.0,40.1,5.0,22.8,Low,Torrential,High Risk,IRC:82-2015 Systematic Pavement Survey
Madurai Survey Corridor R-0964,Tamil Nadu,Madurai,Madurai,21,8.0,23.1,9.6,9.7,High,Torrential,Critical Risk,IRC:82-2015 Systematic Pavement Survey
Coimbatore Survey Corridor R-1153,Tamil Nadu,Coimbatore,Coimbatore,0,0.0,7.6,2.7,17.5,Medium,Torrential,Low Risk,IRC:82-2015 Systematic Pavement Survey
Delhi NCR Survey Corridor R-0431,Delhi,South Delhi,Delhi NCR,4,4.4,33.6,8.0,28.9,Low,Moderate,High Risk,IRC:82-2015 Systematic Pavement Survey
Coimbatore Survey Corridor R-0013,Tamil Nadu,Coimbatore,Coimbatore,0,0.0,0.1,1.4,14.4,Very High,Torrential,Low Risk,IRC:82-2015 Systematic Pavement Survey
Hyderabad Survey Corridor R-0994,Telangana,Hyderabad,Hyderabad,30,5.7,31.9,8.8,22.1,Very High,Moderate,Critical Risk,IRC:82-2015 Systematic Pavement Survey
Delhi NCR Survey Corridor R-0527,Delhi,South Delhi,Delhi NCR,8,2.7,13.8,7.7,18.2,High,Heavy,Medium Risk,IRC:82-2015 Systematic Pavement Survey
Kochi Survey Corridor R-0597,Kerala,Ernakulam,Kochi,2,14.2,23.3,9.0,23.9,High,Heavy,High Risk,IRC:82-2015 Systematic Pavement Survey
Mysuru Survey Corridor R-0174,Karnataka,Mysuru,Mysuru,23,15.6,80.1,15.1,17.8,Medium,Light,Critical Risk,IRC:82-2015 Systematic Pavement Survey
Hyderabad Survey Corridor R-0154,Telangana,Hyderabad,Hyderabad,33,7.0,32.8,10.1,34.2,Low,Light,Critical Risk,IRC:82-2015 Systematic Pavement Survey
Mysuru Survey Corridor R-0102,Karnataka,Mysuru,Mysuru,34,10.2,62.3,16.0,22.1,Medium,Heavy,Critical Risk,IRC:82-2015 Systematic Pavement Survey
Visakhapatnam Survey Corridor R-0072,Andhra Pradesh,Visakhapatnam,Visakhapatnam,35,11.3,106.4,16.9,20.1,Very High,Light,Critical Risk,IRC:82-2015 Systematic Pavement Survey
Delhi NCR Survey Corridor R-1199,Delhi,South Delhi,Delhi NCR,3,3.6,16.8,5.9,6.3,Very High,Moderate,Medium Risk,IRC:82-2015 Systematic Pavement Survey
Mumbai Survey Corridor R-0751,Maharashtra,Mumbai Suburban,Mumbai,0,0.0,4.5,0.4,4.1,Medium,Torrential,Low Risk,IRC:82-2015 Systematic Pavement Survey
Chennai Survey Corridor R-0974,Tamil Nadu,Chennai,Chennai,2,1.2,57.0,8.8,28.0,Low,Moderate,High Risk,IRC:82-2015 Systematic Pavement Survey
Bengaluru Survey Corridor R-0125,Karnataka,Bengaluru Urban,Bengaluru,8,4.8,36.2,5.8,20.4,High,Light,Medium Risk,IRC:82-2015 Systematic Pavement Survey
NH-48 Golden Quadrilateral Express Sector,Karnataka,Bengaluru Rural,Bengaluru,0,0.0,0.0,0.5,25.0,High,Moderate,Low Risk,IRC:82-2015 Specification Benchmark
Pune Survey Corridor R-0632,Maharashtra,Pune,Pune,2,2.1,94.3,12.1,10.4,High,Light,Critical Risk,IRC:82-2015 Systematic Pavement Survey
Visakhapatnam Survey Corridor R-0048,Andhra Pradesh,Visakhapatnam,Visakhapatnam,41,10.9,113.7,12.9,9.6,Medium,Moderate,Critical Risk,IRC:82-2015 Systematic Pavement Survey
Delhi NCR Survey Corridor R-0887,Delhi,South Delhi,Delhi NCR,3,5.8,35.9,7.4,22.3,Medium,Heavy,High Risk,IRC:82-2015 Systematic Pavement Survey
Madurai Survey Corridor R-0508,Tamil Nadu,Madurai,Madurai,19,6.9,23.0,12.7,34.4,Low,Moderate,High Risk,IRC:82-2015 Systematic Pavement Survey
Mumbai Survey Corridor R-0655,Maharashtra,Mumbai Suburban,Mumbai,0,0.0,4.1,2.3,5.3,Low,Light,Low Risk,IRC:82-2015 Systematic Pavement Survey
Hyderabad Survey Corridor R-1006,Telangana,Hyderabad,Hyderabad,23,6.2,75.7,12.9,25.1,High,Moderate,Critical Risk,IRC:82-2015 Systematic Pavement Survey
Visakhapatnam Survey Corridor R-1152,Andhra Pradesh,Visakhapatnam,Visakhapatnam,34,10.5,105.2,14.0,1.5,Medium,Torrential,Critical Risk,IRC:82-2015 Systematic Pavement Survey
Salem Survey Corridor R-0423,Tamil Nadu,Salem,Salem,2,13.4,6.3,6.2,32.6,Low,Light,High Risk,IRC:82-2015 Systematic Pavement Survey
Visakhapatnam Survey Corridor R-0408,Andhra Pradesh,Visakhapatnam,Visakhapatnam,21,9.6,130.2,17.0,12.2,Medium,Light,Critical Risk,IRC:82-2015 Systematic Pavement Survey
FC Road Youth Commercial Corridor (Shivajinagar - Deccan),Maharashtra,Pune,Pune,1,1.0,5.0,1.8,2.8,High,Moderate,Low Risk,Verified Physical Survey (MoRTH / NHAI Registry)
Madurai Survey Corridor R-0712,Tamil Nadu,Madurai,Madurai,17,13.5,34.2,6.9,27.1,Medium,Torrential,Critical Risk,IRC:82-2015 Systematic Pavement Survey
Visakhapatnam Survey Corridor R-1164,Andhra Pradesh,Visakhapatnam,Visakhapatnam,25,13.5,126.4,15.3,12.5,Very High,Torrential,Critical Risk,IRC:82-2015 Systematic Pavement Survey
Mysuru Survey Corridor R-0774,Karnataka,Mysuru,Mysuru,33,9.5,121.3,15.6,12.3,Medium,Torrential,Critical Risk,IRC:82-2015 Systematic Pavement Survey
Chennai Survey Corridor R-1118,Tamil Nadu,Chennai,Chennai,0,0.0,44.4,9.2,29.5,Low,Torrential,High Risk,IRC:82-2015 Systematic Pavement Survey
Mysuru Survey Corridor R-0306,Karnataka,Mysuru,Mysuru,31,16.3,123.2,12.4,3.8,Low,Heavy,Critical Risk,IRC:82-2015 Systematic Pavement Survey
Visakhapatnam Survey Corridor R-0876,Andhra Pradesh,Visakhapatnam,Visakhapatnam,39,15.5,82.7,12.6,1.7,Medium,Light,Critical Risk,IRC:82-2015 Systematic Pavement Survey
Salem Survey Corridor R-1047,Tamil Nadu,Salem,Salem,2,9.7,6.6,3.1,4.5,Medium,Light,High Risk,IRC:82-2015 Systematic Pavement Survey
Delhi NCR Survey Corridor R-0323,Delhi,South Delhi,Delhi NCR,6,4.8,33.1,6.1,30.2,Medium,Light,High Risk,IRC:82-2015 Systematic Pavement Survey
Kochi Survey Corridor R-0657,Kerala,Ernakulam,Kochi,3,13.2,11.9,6.9,13.7,Very High,Heavy,High Risk,IRC:82-2015 Systematic Pavement Survey
Hyderabad Survey Corridor R-0394,Telangana,Hyderabad,Hyderabad,12,7.2,28.5,8.8,16.3,Medium,Heavy,High Risk,IRC:82-2015 Systematic Pavement Survey
Visakhapatnam Survey Corridor R-0204,Andhra Pradesh,Visakhapatnam,Visakhapatnam,41,15.7,62.8,17.2,30.2,High,Light,Critical Risk,IRC:82-2015 Systematic Pavement Survey
Chennai Survey Corridor R-0782,Tamil Nadu,Chennai,Chennai,3,1.2,48.8,13.1,8.1,Medium,Torrential,High Risk,IRC:82-2015 Systematic Pavement Survey
Madurai Survey Corridor R-0172,Tamil Nadu,Madurai,Madurai,29,9.8,68.9,10.0,3.3,Low,Light,Critical Risk,IRC:82-2015 Systematic Pavement Survey
Visakhapatnam Survey Corridor R-0384,Andhra Pradesh,Visakhapatnam,Visakhapatnam,40,14.8,75.7,17.2,18.7,Very High,Torrential,Critical Risk,IRC:82-2015 Systematic Pavement Survey
Delhi NCR Survey Corridor R-0335,Delhi,South Delhi,Delhi NCR,8,4.2,35.9,5.6,22.0,Medium,Heavy,Medium Risk,IRC:82-2015 Systematic Pavement Survey
Mumbai Survey Corridor R-0763,Maharashtra,Mumbai Suburban,Mumbai,0,0.0,7.3,1.1,11.4,Low,Moderate,Low Risk,IRC:82-2015 Systematic Pavement Survey
Pune Survey Corridor R-0116,Maharashtra,Pune,Pune,2,0.1,108.7,8.9,14.5,Very High,Light,Critical Risk,IRC:82-2015 Systematic Pavement Survey
Mysore Road Corridor (Nayandahalli - Kengeri),Karnataka,Bengaluru Urban,Bengaluru,12,6.5,42.0,6.5,8.5,High,Moderate,High Risk,Verified Physical Survey (MoRTH / NHAI Registry)
Coimbatore Survey Corridor R-1045,Tamil Nadu,Coimbatore,Coimbatore,0,0.0,4.1,2.3,29.6,Very High,Torrential,Low Risk,IRC:82-2015 Systematic Pavement Survey
Visakhapatnam Survey Corridor R-0720,Andhra Pradesh,Visakhapatnam,Visakhapatnam,27,9.8,91.4,10.8,1.6,Medium,Heavy,Critical Risk,IRC:82-2015 Systematic Pavement Survey
Mumbai Survey Corridor R-0847,Maharashtra,Mumbai Suburban,Mumbai,0,0.0,8.5,2.6,10.8,Medium,Heavy,Low Risk,IRC:82-2015 Systematic Pavement Survey
Delhi NCR Survey Corridor R-0947,Delhi,South Delhi,Delhi NCR,8,2.8,23.1,6.1,8.3,Low,Torrential,Medium Risk,IRC:82-2015 Systematic Pavement Survey
Mumbai Survey Corridor R-0535,Maharashtra,Mumbai Suburban,Mumbai,0,0.0,6.9,1.7,6.1,Very High,Heavy,Low Risk,IRC:82-2015 Systematic Pavement Survey
Coimbatore Survey Corridor R-0001,Tamil Nadu,Coimbatore,Coimbatore,0,0.0,8.6,2.2,21.4,High,Moderate,Low Risk,IRC:82-2015 Systematic Pavement Survey
Pune Survey Corridor R-0212,Maharashtra,Pune,Pune,2,2.6,116.7,10.1,30.9,Medium,Moderate,Critical Risk,IRC:82-2015 Systematic Pavement Survey
Mumbai Survey Corridor R-1123,Maharashtra,Mumbai Suburban,Mumbai,0,0.0,8.9,0.7,23.9,High,Light,Low Risk,IRC:82-2015 Systematic Pavement Survey
Chennai Survey Corridor R-0218,Tamil Nadu,Chennai,Chennai,0,0.0,100.5,12.8,17.1,Medium,Moderate,Critical Risk,IRC:82-2015 Systematic Pavement Survey
Chennai Survey Corridor R-0878,Tamil Nadu,Chennai,Chennai,0,0.0,108.1,6.9,30.0,Very High,Moderate,Critical Risk,IRC:82-2015 Systematic Pavement Survey
Hyderabad Survey Corridor R-0634,Telangana,Hyderabad,Hyderabad,28,12.5,30.2,6.2,27.5,High,Heavy,Critical Risk,IRC:82-2015 Systematic Pavement Survey
Pune Survey Corridor R-0308,Maharashtra,Pune,Pune,0,0.0,83.9,10.3,11.7,High,Moderate,Critical Risk,IRC:82-2015 Systematic Pavement Survey
Bengaluru Survey Corridor R-0929,Karnataka,Bengaluru Urban,Bengaluru,4,4.1,32.6,5.0,15.4,High,Light,Medium Risk,IRC:82-2015 Systematic Pavement Survey
Salem Survey Corridor R-0675,Tamil Nadu,Salem,Salem,4,10.8,5.9,9.7,23.7,High,Heavy,High Risk,IRC:82-2015 Systematic Pavement Survey
Visakhapatnam Survey Corridor R-0852,Andhra Pradesh,Visakhapatnam,Visakhapatnam,20,15.4,68.4,16.7,23.8,Low,Light,Critical Risk,IRC:82-2015 Systematic Pavement Survey
Salem Survey Corridor R-0951,Tamil Nadu,Salem,Salem,2,9.4,33.4,4.5,12.1,Low,Moderate,High Risk,IRC:82-2015 Systematic Pavement Survey
Salem Survey Corridor R-1059,Tamil Nadu,Salem,Salem,2,10.4,8.0,4.9,28.7,Low,Light,High Risk,IRC:82-2015 Systematic Pavement Survey
Delhi NCR Survey Corridor R-1175,Delhi,South Delhi,Delhi NCR,8,4.6,30.8,7.7,31.0,Very High,Light,High Risk,IRC:82-2015 Systematic Pavement Survey
Mumbai Survey Corridor R-0487,Maharashtra,Mumbai Suburban,Mumbai,1,0.4,6.1,1.9,11.0,Very High,Torrential,Low Risk,IRC:82-2015 Systematic Pavement Survey
Hyderabad Survey Corridor R-0922,Telangana,Hyderabad,Hyderabad,32,11.6,68.8,8.1,27.3,Medium,Torrential,Critical Risk,IRC:82-2015 Systematic Pavement Survey
Madurai Survey Corridor R-0628,Tamil Nadu,Madurai,Madurai,22,10.2,54.2,12.9,13.9,Medium,Heavy,Critical Risk,IRC:82-2015 Systematic Pavement Survey
Mysuru Survey Corridor R-0678,Karnataka,Mysuru,Mysuru,34,15.4,109.8,17.9,11.6,High,Moderate,Critical Risk,IRC:82-2015 Systematic Pavement Survey
Mumbai Survey Corridor R-0943,Maharashtra,Mumbai Suburban,Mumbai,0,0.0,7.6,0.8,33.4,Medium,Light,Low Risk,IRC:82-2015 Systematic Pavement Survey
Visakhapatnam Survey Corridor R-0396,Andhra Pradesh,Visakhapatnam,Visakhapatnam,44,14.7,70.1,15.4,12.1,Very High,Torrential,Critical Risk,IRC:82-2015 Systematic Pavement Survey
Kochi Survey Corridor R-0333,Kerala,Ernakulam,Kochi,3,13.3,5.3,4.8,9.9,Low,Light,High Risk,IRC:82-2015 Systematic Pavement Survey
Salem Survey Corridor R-0615,Tamil Nadu,Salem,Salem,3,14.0,11.8,6.7,29.1,Low,Moderate,High Risk,IRC:82-2015 Systematic Pavement Survey
Bengaluru Survey Corridor R-1001,Karnataka,Bengaluru Urban,Bengaluru,6,5.0,30.0,7.9,8.7,Low,Light,High Risk,IRC:82-2015 Systematic Pavement Survey
Pune Survey Corridor R-0668,Maharashtra,Pune,Pune,3,1.0,78.4,11.8,32.0,Medium,Torrential,Critical Risk,IRC:82-2015 Systematic Pavement Survey
Delhi NCR Survey Corridor R-0359,Delhi,South Delhi,Delhi NCR,8,6.0,31.4,6.7,33.3,Low,Light,High Risk,IRC:82-2015 Systematic Pavement Survey
Salem Survey Corridor R-0315,Tamil Nadu,Salem,Salem,3,10.1,10.3,7.8,22.0,Very High,Heavy,High Risk,IRC:82-2015 Systematic Pavement Survey
Madurai Survey Corridor R-0352,Tamil Nadu,Madurai,Madurai,17,6.5,30.9,9.1,14.7,High,Torrential,Critical Risk,IRC:82-2015 Systematic Pavement Survey
Chennai Survey Corridor R-0014,Tamil Nadu,Chennai,Chennai,2,2.4,95.1,13.0,27.2,Low,Moderate,Critical Risk,IRC:82-2015 Systematic Pavement Survey
Salem Survey Corridor R-1119,Tamil Nadu,Salem,Salem,4,12.1,14.0,4.1,10.7,Low,Light,Critical Risk,IRC:82-2015 Systematic Pavement Survey
Salem Survey Corridor R-0903,Tamil Nadu,Salem,Salem,2,12.8,15.2,6.8,2.4,Medium,Moderate,High Risk,IRC:82-2015 Systematic Pavement Survey
Pune Survey Corridor R-0440,Maharashtra,Pune,Pune,0,0.0,80.1,14.3,20.7,Medium,Light,Critical Risk,IRC:82-2015 Systematic Pavement Survey
Madurai Survey Corridor R-0832,Tamil Nadu,Madurai,Madurai,16,10.1,59.8,11.4,32.7,Medium,Light,Critical Risk,IRC:82-2015 Systematic Pavement Survey
Madurai Survey Corridor R-0556,Tamil Nadu,Madurai,Madurai,13,13.7,26.8,9.2,26.1,Medium,Torrential,Critical Risk,IRC:82-2015 Systematic Pavement Survey
Mysuru Survey Corridor R-0054,Karnataka,Mysuru,Mysuru,27,16.4,88.8,11.0,18.8,Low,Torrential,Critical Risk,IRC:82-2015 Systematic Pavement Survey
Kochi Survey Corridor R-0357,Kerala,Ernakulam,Kochi,2,8.7,11.6,7.2,26.0,High,Light,High Risk,IRC:82-2015 Systematic Pavement Survey
Coimbatore Survey Corridor R-0541,Tamil Nadu,Coimbatore,Coimbatore,0,0.0,1.9,2.1,6.3,Low,Heavy,Low Risk,IRC:82-2015 Systematic Pavement Survey
Madurai Survey Corridor R-0544,Tamil Nadu,Madurai,Madurai,22,12.6,20.7,11.6,34.0,Low,Heavy,Critical Risk,IRC:82-2015 Systematic Pavement Survey
Bengaluru Survey Corridor R-0029,Karnataka,Bengaluru Urban,Bengaluru,4,5.9,18.3,6.4,26.9,High,Light,High Risk,IRC:82-2015 Systematic Pavement Survey
Mysuru Survey Corridor R-0858,Karnataka,Mysuru,Mysuru,31,17.8,80.0,10.6,23.5,Very High,Moderate,Critical Risk,IRC:82-2015 Systematic Pavement Survey
Mysuru Survey Corridor R-1146,Karnataka,Mysuru,Mysuru,19,17.4,65.3,14.4,21.1,High,Torrential,Critical Risk,IRC:82-2015 Systematic Pavement Survey
Kochi Survey Corridor R-0693,Kerala,Ernakulam,Kochi,5,12.9,30.9,4.6,30.7,Low,Heavy,Critical Risk,IRC:82-2015 Systematic Pavement Survey
Mysuru Survey Corridor R-0438,Karnataka,Mysuru,Mysuru,18,12.1,72.4,10.2,23.0,Very High,Heavy,Critical Risk,IRC:82-2015 Systematic Pavement Survey
Mysuru Survey Corridor R-0918,Karnataka,Mysuru,Mysuru,26,16.4,68.1,16.3,28.6,Low,Torrential,Critical Risk,IRC:82-2015 Systematic Pavement Survey
Coimbatore Survey Corridor R-0925,Tamil Nadu,Coimbatore,Coimbatore,1,0.6,7.7,0.3,2.7,High,Moderate,Low Risk,IRC:82-2015 Systematic Pavement Survey
Delhi NCR Survey Corridor R-0923,Delhi,South Delhi,Delhi NCR,7,4.8,23.4,4.4,20.0,Medium,Moderate,Medium Risk,IRC:82-2015 Systematic Pavement Survey
Old Mahabalipuram Road IT Expressway (Tidel Park - Sholinganallur),Tamil Nadu,Chennai,Chennai,4,2.5,18.0,3.0,14.8,Very High,Heavy,Medium Risk,Verified Physical Survey (MoRTH / NHAI Registry)
Visakhapatnam Survey Corridor R-0336,Andhra Pradesh,Visakhapatnam,Visakhapatnam,27,12.0,134.2,11.8,13.7,High,Moderate,Critical Risk,IRC:82-2015 Systematic Pavement Survey
Pune Survey Corridor R-0776,Maharashtra,Pune,Pune,2,2.4,62.0,11.4,12.8,Low,Moderate,High Risk,IRC:82-2015 Systematic Pavement Survey
Salem Survey Corridor R-0495,Tamil Nadu,Salem,Salem,4,11.1,16.0,4.3,15.8,Very High,Light,High Risk,IRC:82-2015 Systematic Pavement Survey
Delhi-Meerut Expressway (Package 1),Delhi,East Delhi,Delhi,0,0.0,1.5,1.0,14.0,Very High,Light,Low Risk,IRC:82-2015 Specification Benchmark
Delhi NCR Survey Corridor R-0107,Delhi,South Delhi,Delhi NCR,7,3.2,27.1,4.7,19.3,High,Heavy,Medium Risk,IRC:82-2015 Systematic Pavement Survey
Pune Survey Corridor R-0356,Maharashtra,Pune,Pune,2,2.5,79.2,9.1,5.2,Low,Heavy,Critical Risk,IRC:82-2015 Systematic Pavement Survey
Visakhapatnam Survey Corridor R-0516,Andhra Pradesh,Visakhapatnam,Visakhapatnam,28,9.4,124.6,11.4,18.5,Very High,Heavy,Critical Risk,IRC:82-2015 Systematic Pavement Survey
Salem Survey Corridor R-0207,Tamil Nadu,Salem,Salem,4,8.0,25.9,3.3,19.1,Low,Torrential,High Risk,IRC:82-2015 Systematic Pavement Survey
Delhi NCR Survey Corridor R-0839,Delhi,South Delhi,Delhi NCR,4,3.0,17.4,4.6,22.6,Medium,Heavy,Medium Risk,IRC:82-2015 Systematic Pavement Survey
Mysuru Survey Corridor R-0366,Karnataka,Mysuru,Mysuru,39,11.4,79.8,17.3,9.5,Very High,Torrential,Critical Risk,IRC:82-2015 Systematic Pavement Survey
Mysuru Survey Corridor R-0630,Karnataka,Mysuru,Mysuru,34,13.2,135.2,14.0,33.3,Low,Moderate,Critical Risk,IRC:82-2015 Systematic Pavement Survey
Madurai Survey Corridor R-0484,Tamil Nadu,Madurai,Madurai,21,5.9,49.9,9.1,30.4,High,Heavy,Critical Risk,IRC:82-2015 Systematic Pavement Survey
Madurai Survey Corridor R-1120,Tamil Nadu,Madurai,Madurai,26,12.9,31.7,8.5,22.1,Very High,Torrential,Critical Risk,IRC:82-2015 Systematic Pavement Survey
Chennai Survey Corridor R-0614,Tamil Nadu,Chennai,Chennai,2,2.0,102.7,8.0,24.5,High,Heavy,Critical Risk,IRC:82-2015 Systematic Pavement Survey
Bengaluru Survey Corridor R-0629,Karnataka,Bengaluru Urban,Bengaluru,6,4.3,17.5,8.0,34.4,Very High,Moderate,Medium Risk,IRC:82-2015 Systematic Pavement Survey
Kochi Survey Corridor R-1065,Kerala,Ernakulam,Kochi,2,10.8,16.7,9.2,28.7,Very High,Moderate,High Risk,IRC:82-2015 Systematic Pavement Survey
Hyderabad Survey Corridor R-1174,Telangana,Hyderabad,Hyderabad,17,10.3,26.2,11.8,14.2,Low,Torrential,Critical Risk,IRC:82-2015 Systematic Pavement Survey
Salem Survey Corridor R-0099,Tamil Nadu,Salem,Salem,3,10.0,13.2,4.5,30.9,Very High,Torrential,High Risk,IRC:82-2015 Systematic Pavement Survey
Chennai Survey Corridor R-0926,Tamil Nadu,Chennai,Chennai,1,1.5,42.3,15.7,18.6,Low,Light,High Risk,IRC:82-2015 Systematic Pavement Survey
Bengaluru Survey Corridor R-0197,Karnataka,Bengaluru Urban,Bengaluru,3,5.7,13.2,3.5,14.3,Very High,Torrential,Medium Risk,IRC:82-2015 Systematic Pavement Survey
Pune Survey Corridor R-0884,Maharashtra,Pune,Pune,2,0.8,117.4,13.1,24.8,High,Torrential,Critical Risk,IRC:82-2015 Systematic Pavement Survey
Delhi NCR Survey Corridor R-0275,Delhi,South Delhi,Delhi NCR,7,3.7,21.9,5.0,20.7,Very High,Torrential,Medium Risk,IRC:82-2015 Systematic Pavement Survey
Madurai Survey Corridor R-0904,Tamil Nadu,Madurai,Madurai,12,5.5,44.1,11.4,16.3,Low,Heavy,High Risk,IRC:82-2015 Systematic Pavement Survey
Outer Ring Road (Marathahalli - Bellandur - Sarjapur Sector),Karnataka,Bengaluru Urban,Bengaluru,31,15.2,112.0,13.5,16.2,Very High,Heavy,Critical Risk,Verified Physical Survey (MoRTH / NHAI Registry)
Kochi Survey Corridor R-0945,Kerala,Ernakulam,Kochi,2,10.4,6.1,6.5,14.7,Very High,Moderate,High Risk,IRC:82-2015 Systematic Pavement Survey
Visakhapatnam Survey Corridor R-0264,Andhra Pradesh,Visakhapatnam,Visakhapatnam,18,15.6,72.5,11.9,33.8,High,Moderate,Critical Risk,IRC:82-2015 Systematic Pavement Survey
Visakhapatnam Survey Corridor R-0708,Andhra Pradesh,Visakhapatnam,Visakhapatnam,30,15.4,67.7,12.5,33.9,High,Light,Critical Risk,IRC:82-2015 Systematic Pavement Survey
Mumbai Survey Corridor R-0547,Maharashtra,Mumbai Suburban,Mumbai,0,0.0,3.6,0.6,30.4,Very High,Heavy,Low Risk,IRC:82-2015 Systematic Pavement Survey
Madurai Survey Corridor R-1048,Tamil Nadu,Madurai,Madurai,28,13.0,54.2,12.7,34.7,Low,Moderate,Critical Risk,IRC:82-2015 Systematic Pavement Survey
Pune Survey Corridor R-0980,Maharashtra,Pune,Pune,1,2.3,49.5,9.2,12.8,Very High,Light,High Risk,IRC:82-2015 Systematic Pavement Survey
Bengaluru Survey Corridor R-0881,Karnataka,Bengaluru Urban,Bengaluru,8,4.1,27.4,6.5,7.6,Low,Light,Medium Risk,IRC:82-2015 Systematic Pavement Survey
Mysuru Survey Corridor R-0162,Karnataka,Mysuru,Mysuru,25,9.9,124.0,11.4,23.2,High,Torrential,Critical Risk,IRC:82-2015 Systematic Pavement Survey
Delhi NCR Survey Corridor R-0119,Delhi,South Delhi,Delhi NCR,4,2.8,26.0,5.9,26.3,Low,Torrential,Medium Risk,IRC:82-2015 Systematic Pavement Survey
Bengaluru Survey Corridor R-0797,Karnataka,Bengaluru Urban,Bengaluru,4,3.5,33.8,5.7,13.7,High,Light,Medium Risk,IRC:82-2015 Systematic Pavement Survey
Salem Survey Corridor R-0039,Tamil Nadu,Salem,Salem,5,10.4,19.6,6.1,34.8,Very High,Light,High Risk,IRC:82-2015 Systematic Pavement Survey
Coimbatore Survey Corridor R-0697,Tamil Nadu,Coimbatore,Coimbatore,0,0.0,7.4,2.5,17.2,Low,Torrential,Low Risk,IRC:82-2015 Systematic Pavement Survey
Bengaluru Survey Corridor R-0461,Karnataka,Bengaluru Urban,Bengaluru,4,4.7,28.8,7.1,12.3,High,Torrential,High Risk,IRC:82-2015 Systematic Pavement Survey
Bengaluru Survey Corridor R-0701,Karnataka,Bengaluru Urban,Bengaluru,7,5.8,29.8,5.7,2.1,Low,Moderate,Medium Risk,IRC:82-2015 Systematic Pavement Survey
Linking Road Commercial Strip (Bandra - Khar West),Maharashtra,Mumbai Suburban,Mumbai,11,5.8,41.0,7.0,4.2,High,Torrential,High Risk,Verified Physical Survey (MoRTH / NHAI Registry)
Pune Survey Corridor R-0296,Maharashtra,Pune,Pune,1,1.7,97.1,10.1,3.0,Very High,Moderate,Critical Risk,IRC:82-2015 Systematic Pavement Survey
Coimbatore Survey Corridor R-0673,Tamil Nadu,Coimbatore,Coimbatore,0,0.0,6.1,1.8,32.6,Medium,Moderate,Low Risk,IRC:82-2015 Systematic Pavement Survey
Coimbatore Survey Corridor R-0985,Tamil Nadu,Coimbatore,Coimbatore,0,0.0,0.8,1.5,14.4,High,Light,Low Risk,IRC:82-2015 Systematic Pavement Survey
Salem Survey Corridor R-1107,Tamil Nadu,Salem,Salem,2,10.7,19.8,7.0,9.1,High,Torrential,High Risk,IRC:82-2015 Systematic Pavement Survey
Delhi NCR Survey Corridor R-0551,Delhi,South Delhi,Delhi NCR,6,4.7,20.7,6.7,14.8,Medium,Torrential,Medium Risk,IRC:82-2015 Systematic Pavement Survey
Madurai Survey Corridor R-1096,Tamil Nadu,Madurai,Madurai,30,12.7,32.8,10.9,3.8,High,Torrential,Critical Risk,IRC:82-2015 Systematic Pavement Survey
Madurai Survey Corridor R-0280,Tamil Nadu,Madurai,Madurai,21,10.5,63.0,8.2,15.1,Low,Moderate,Critical Risk,IRC:82-2015 Systematic Pavement Survey
Delhi NCR Survey Corridor R-0371,Delhi,South Delhi,Delhi NCR,7,3.4,29.0,4.0,20.2,High,Heavy,Medium Risk,IRC:82-2015 Systematic Pavement Survey
Madurai Survey Corridor R-0808,Tamil Nadu,Madurai,Madurai,19,9.9,77.8,6.9,17.7,Low,Light,Critical Risk,IRC:82-2015 Systematic Pavement Survey
Coimbatore Survey Corridor R-0157,Tamil Nadu,Coimbatore,Coimbatore,0,0.0,3.4,2.5,21.0,Low,Moderate,Low Risk,IRC:82-2015 Systematic Pavement Survey
Delhi NCR Survey Corridor R-0143,Delhi,South Delhi,Delhi NCR,9,4.6,26.7,6.6,21.4,Very High,Heavy,Medium Risk,IRC:82-2015 Systematic Pavement Survey
Coimbatore Survey Corridor R-0949,Tamil Nadu,Coimbatore,Coimbatore,0,0.0,2.5,1.1,34.4,Medium,Torrential,Low Risk,IRC:82-2015 Systematic Pavement Survey
Mysuru Survey Corridor R-0966,Karnataka,Mysuru,Mysuru,34,9.2,122.0,11.1,16.9,Low,Torrential,Critical Risk,IRC:82-2015 Systematic Pavement Survey
Kochi Survey Corridor R-0033,Kerala,Ernakulam,Kochi,5,11.1,33.1,4.0,12.6,Low,Moderate,High Risk,IRC:82-2015 Systematic Pavement Survey
Delhi NCR Survey Corridor R-0827,Delhi,South Delhi,Delhi NCR,8,5.7,26.9,3.9,10.1,Very High,Torrential,High Risk,IRC:82-2015 Systematic Pavement Survey
Pune Survey Corridor R-0008,Maharashtra,Pune,Pune,2,2.0,86.8,14.2,6.9,Low,Torrential,Critical Risk,IRC:82-2015 Systematic Pavement Survey
Chennai Survey Corridor R-0938,Tamil Nadu,Chennai,Chennai,1,0.0,68.5,14.4,12.8,High,Torrential,Critical Risk,IRC:82-2015 Systematic Pavement Survey
Pune Survey Corridor R-0224,Maharashtra,Pune,Pune,3,0.1,97.2,15.0,30.2,Very High,Moderate,Critical Risk,IRC:82-2015 Systematic Pavement Survey
Visakhapatnam Survey Corridor R-0636,Andhra Pradesh,Visakhapatnam,Visakhapatnam,43,12.6,72.3,14.6,10.4,Very High,Moderate,Critical Risk,IRC:82-2015 Systematic Pavement Survey
Coimbatore Survey Corridor R-0025,Tamil Nadu,Coimbatore,Coimbatore,0,0.0,8.5,1.1,18.6,Low,Torrential,Low Risk,IRC:82-2015 Systematic Pavement Survey
Chennai Survey Corridor R-0374,Tamil Nadu,Chennai,Chennai,0,0.0,108.1,13.0,3.3,Medium,Light,Critical Risk,IRC:82-2015 Systematic Pavement Survey
Coimbatore Survey Corridor R-0829,Tamil Nadu,Coimbatore,Coimbatore,1,0.4,6.5,2.4,25.3,Medium,Torrential,Low Risk,IRC:82-2015 Systematic Pavement Survey
Kochi Survey Corridor R-0093,Kerala,Ernakulam,Kochi,2,15.5,17.5,7.1,32.3,Medium,Torrential,High Risk,IRC:82-2015 Systematic Pavement Survey
Salem Survey Corridor R-0015,Tamil Nadu,Salem,Salem,4,13.2,32.4,9.0,16.3,Low,Torrential,Critical Risk,IRC:82-2015 Systematic Pavement Survey
Kochi Survey Corridor R-1197,Kerala,Ernakulam,Kochi,4,10.7,20.7,7.1,1.3,Medium,Light,High Risk,IRC:82-2015 Systematic Pavement Survey
Kochi Survey Corridor R-0729,Kerala,Ernakulam,Kochi,5,10.3,13.4,5.3,23.5,Very High,Torrential,High Risk,IRC:82-2015 Systematic Pavement Survey
Madurai Survey Corridor R-0520,Tamil Nadu,Madurai,Madurai,18,10.2,41.4,12.3,9.5,Very High,Light,Critical Risk,IRC:82-2015 Systematic Pavement Survey
Chennai Survey Corridor R-0386,Tamil Nadu,Chennai,Chennai,2,3.0,47.0,7.2,7.3,Low,Torrential,High Risk,IRC:82-2015 Systematic Pavement Survey
Mumbai Survey Corridor R-0643,Maharashtra,Mumbai Suburban,Mumbai,0,0.0,1.5,1.5,2.9,Very High,Moderate,Low Risk,IRC:82-2015 Systematic Pavement Survey
Pune Survey Corridor R-0128,Maharashtra,Pune,Pune,2,1.4,80.3,5.6,12.4,Medium,Light,High Risk,IRC:82-2015 Systematic Pavement Survey
Mumbai Survey Corridor R-0211,Maharashtra,Mumbai Suburban,Mumbai,1,1.7,6.3,2.1,22.0,Medium,Torrential,Low Risk,IRC:82-2015 Systematic Pavement Survey
Pune Survey Corridor R-0176,Maharashtra,Pune,Pune,0,0.0,42.0,11.6,9.3,Low,Heavy,High Risk,IRC:82-2015 Systematic Pavement Survey
Mumbai Survey Corridor R-0427,Maharashtra,Mumbai Suburban,Mumbai,0,0.0,7.2,2.1,4.1,High,Torrential,Low Risk,IRC:82-2015 Systematic Pavement Survey
Bengaluru Survey Corridor R-1157,Karnataka,Bengaluru Urban,Bengaluru,3,3.3,37.5,4.9,10.1,Low,Moderate,Medium Risk,IRC:82-2015 Systematic Pavement Survey
Mumbai Survey Corridor R-0499,Maharashtra,Mumbai Suburban,Mumbai,1,1.9,5.4,1.5,3.0,Very High,Moderate,Low Risk,IRC:82-2015 Systematic Pavement Survey
Kochi Survey Corridor R-0057,Kerala,Ernakulam,Kochi,4,14.4,13.1,6.1,3.7,Low,Moderate,Critical Risk,IRC:82-2015 Systematic Pavement Survey
Coimbatore Survey Corridor R-0577,Tamil Nadu,Coimbatore,Coimbatore,0,0.0,8.4,0.4,29.0,Medium,Torrential,Low Risk,IRC:82-2015 Systematic Pavement Survey
Madurai Survey Corridor R-1072,Tamil Nadu,Madurai,Madurai,32,12.5,44.9,8.1,30.5,Low,Heavy,Critical Risk,IRC:82-2015 Systematic Pavement Survey
Kochi Survey Corridor R-0741,Kerala,Ernakulam,Kochi,4,8.1,29.6,3.3,31.3,Very High,Torrential,High Risk,IRC:82-2015 Systematic Pavement Survey
Mysuru Survey Corridor R-0690,Karnataka,Mysuru,Mysuru,40,15.3,92.9,14.5,33.1,Very High,Heavy,Critical Risk,IRC:82-2015 Systematic Pavement Survey
Pune Survey Corridor R-0452,Maharashtra,Pune,Pune,2,2.7,96.4,10.9,30.6,Low,Moderate,Critical Risk,IRC:82-2015 Systematic Pavement Survey
Kochi Survey Corridor R-0573,Kerala,Ernakulam,Kochi,2,14.3,16.9,6.6,9.6,High,Moderate,High Risk,IRC:82-2015 Systematic Pavement Survey
Mysuru Survey Corridor R-0906,Karnataka,Mysuru,Mysuru,31,11.6,119.9,13.9,8.3,Very High,Torrential,Critical Risk,IRC:82-2015 Systematic Pavement Survey
Visakhapatnam Survey Corridor R-1008,Andhra Pradesh,Visakhapatnam,Visakhapatnam,25,14.2,111.7,13.7,19.0,High,Moderate,Critical Risk,IRC:82-2015 Systematic Pavement Survey
Chennai Survey Corridor R-1046,Tamil Nadu,Chennai,Chennai,3,2.8,104.8,8.9,23.3,Medium,Moderate,Critical Risk,IRC:82-2015 Systematic Pavement Survey
Mysuru Survey Corridor R-0066,Karnataka,Mysuru,Mysuru,44,16.2,114.2,14.6,5.4,Low,Heavy,Critical Risk,IRC:82-2015 Systematic Pavement Survey
Hyderabad Survey Corridor R-0730,Telangana,Hyderabad,Hyderabad,16,11.5,49.1,11.6,19.8,Low,Moderate,Critical Risk,IRC:82-2015 Systematic Pavement Survey
Coimbatore Survey Corridor R-0769,Tamil Nadu,Coimbatore,Coimbatore,1,1.3,7.5,2.9,17.1,High,Moderate,Low Risk,IRC:82-2015 Systematic Pavement Survey
Pune Survey Corridor R-0056,Maharashtra,Pune,Pune,2,2.1,46.8,6.5,34.0,Medium,Moderate,High Risk,IRC:82-2015 Systematic Pavement Survey
Bengaluru Survey Corridor R-0413,Karnataka,Bengaluru Urban,Bengaluru,6,4.1,15.6,4.7,6.6,Medium,Torrential,Medium Risk,IRC:82-2015 Systematic Pavement Survey
Pune Survey Corridor R-0680,Maharashtra,Pune,Pune,2,3.0,114.8,10.0,7.7,High,Light,Critical Risk,IRC:82-2015 Systematic Pavement Survey
Mumbai Survey Corridor R-1003,Maharashtra,Mumbai Suburban,Mumbai,0,0.0,2.3,1.7,25.6,Low,Torrential,Low Risk,IRC:82-2015 Systematic Pavement Survey
Old Agra Road Industrial Corridor (Bhiwandi),Maharashtra,Thane,Bhiwandi,32,15.5,110.0,14.5,12.5,Very High,Torrential,Critical Risk,IRC:82-2015 Specification Benchmark
Salem Survey Corridor R-0543,Tamil Nadu,Salem,Salem,4,11.9,20.2,5.7,31.8,Low,Heavy,Critical Risk,IRC:82-2015 Systematic Pavement Survey
Mysuru Survey Corridor R-0726,Karnataka,Mysuru,Mysuru,44,14.1,120.1,11.1,18.4,High,Torrential,Critical Risk,IRC:82-2015 Systematic Pavement Survey
Chennai Survey Corridor R-0770,Tamil Nadu,Chennai,Chennai,2,1.9,104.7,5.5,17.9,Very High,Moderate,Critical Risk,IRC:82-2015 Systematic Pavement Survey
Delhi NCR Survey Corridor R-0059,Delhi,South Delhi,Delhi NCR,9,3.4,26.3,6.6,23.4,Low,Light,Medium Risk,IRC:82-2015 Systematic Pavement Survey
Pune Survey Corridor R-0596,Maharashtra,Pune,Pune,0,0.0,68.3,14.9,7.9,Low,Heavy,High Risk,IRC:82-2015 Systematic Pavement Survey
Hyderabad Survey Corridor R-0946,Telangana,Hyderabad,Hyderabad,14,6.2,76.1,12.0,33.0,Very High,Moderate,Critical Risk,IRC:82-2015 Systematic Pavement Survey
Kochi Survey Corridor R-0609,Kerala,Ernakulam,Kochi,5,13.7,16.6,7.6,12.8,Medium,Light,Critical Risk,IRC:82-2015 Systematic Pavement Survey
Kochi Survey Corridor R-0045,Kerala,Ernakulam,Kochi,2,15.1,27.4,9.7,12.2,Medium,Light,High Risk,IRC:82-2015 Systematic Pavement Survey
Delhi NCR Survey Corridor R-0575,Delhi,South Delhi,Delhi NCR,3,5.5,35.8,7.3,2.2,High,Light,High Risk,IRC:82-2015 Systematic Pavement Survey
Kochi Survey Corridor R-0309,Kerala,Ernakulam,Kochi,2,12.9,27.9,4.2,18.1,Low,Moderate,High Risk,IRC:82-2015 Systematic Pavement Survey
Madurai Survey Corridor R-0208,Tamil Nadu,Madurai,Madurai,27,11.1,24.6,12.8,17.8,Very High,Moderate,Critical Risk,IRC:82-2015 Systematic Pavement Survey
Mumbai Survey Corridor R-0595,Maharashtra,Mumbai Suburban,Mumbai,0,0.0,8.4,1.4,34.3,Low,Heavy,Low Risk,IRC:82-2015 Systematic Pavement Survey
Salem Survey Corridor R-0759,Tamil Nadu,Salem,Salem,4,9.2,7.8,8.7,31.4,Very High,Heavy,High Risk,IRC:82-2015 Systematic Pavement Survey
Mysuru Survey Corridor R-0762,Karnataka,Mysuru,Mysuru,24,17.9,95.5,14.3,30.7,High,Torrential,Critical Risk,IRC:82-2015 Systematic Pavement Survey
Coimbatore Survey Corridor R-0901,Tamil Nadu,Coimbatore,Coimbatore,1,0.4,8.3,1.7,11.2,Very High,Light,Low Risk,IRC:82-2015 Systematic Pavement Survey
SH-17 State Highway Corridor (Mandya),Karnataka,Mandya,Mandya,5,3.0,20.0,4.0,8.0,Medium,Moderate,Medium Risk,IRC:82-2015 Specification Benchmark
Coimbatore Survey Corridor R-0289,Tamil Nadu,Coimbatore,Coimbatore,0,0.0,2.3,2.0,3.0,Low,Moderate,Low Risk,IRC:82-2015 Systematic Pavement Survey
Mumbai Survey Corridor R-1027,Maharashtra,Mumbai Suburban,Mumbai,0,0.0,7.6,1.4,12.6,Very High,Light,Low Risk,IRC:82-2015 Systematic Pavement Survey
Visakhapatnam Survey Corridor R-0816,Andhra Pradesh,Visakhapatnam,Visakhapatnam,31,9.1,118.4,14.6,15.8,Low,Light,Critical Risk,IRC:82-2015 Systematic Pavement Survey
Bengaluru Survey Corridor R-0713,Karnataka,Bengaluru Urban,Bengaluru,4,5.5,24.6,5.6,11.5,Very High,Moderate,High Risk,IRC:82-2015 Systematic Pavement Survey
Salem Survey Corridor R-0135,Tamil Nadu,Salem,Salem,3,11.1,29.5,6.1,13.8,High,Light,High Risk,IRC:82-2015 Systematic Pavement Survey
Mysuru Survey Corridor R-0042,Karnataka,Mysuru,Mysuru,23,17.8,98.9,17.2,15.8,Low,Moderate,Critical Risk,IRC:82-2015 Systematic Pavement Survey
Saravanampatti IT Corridor (Sathy Road Link),Tamil Nadu,Coimbatore,Coimbatore,3,2.0,12.0,3.5,6.5,High,Moderate,Medium Risk,Verified Physical Survey (MoRTH / NHAI Registry)
Mumbai Survey Corridor R-0559,Maharashtra,Mumbai Suburban,Mumbai,0,0.0,0.7,2.9,11.1,Medium,Torrential,Low Risk,IRC:82-2015 Systematic Pavement Survey
Mumbai Survey Corridor R-0511,Maharashtra,Mumbai Suburban,Mumbai,0,0.0,0.7,1.9,34.4,Very High,Torrential,Low Risk,IRC:82-2015 Systematic Pavement Survey
Pune-Nashik Highway Arterial (Chakan),Maharashtra,Pune,Pune,16,8.2,62.0,9.0,12.0,Very High,Heavy,Critical Risk,IRC:82-2015 Specification Benchmark
Delhi NCR Survey Corridor R-0203,Delhi,South Delhi,Delhi NCR,5,5.2,30.1,3.8,28.7,Medium,Light,Medium Risk,IRC:82-2015 Systematic Pavement Survey
Pune Survey Corridor R-1088,Maharashtra,Pune,Pune,0,0.0,69.0,15.4,14.8,Very High,Torrential,Critical Risk,IRC:82-2015 Systematic Pavement Survey
Delhi NCR Survey Corridor R-0383,Delhi,South Delhi,Delhi NCR,6,4.3,19.5,7.0,20.6,Low,Torrential,Medium Risk,IRC:82-2015 Systematic Pavement Survey
Bengaluru Survey Corridor R-0989,Karnataka,Bengaluru Urban,Bengaluru,9,3.6,24.8,4.6,7.5,Medium,Torrential,Medium Risk,IRC:82-2015 Systematic Pavement Survey
Chennai Survey Corridor R-0722,Tamil Nadu,Chennai,Chennai,0,0.0,60.9,7.9,10.5,Medium,Torrential,High Risk,IRC:82-2015 Systematic Pavement Survey
Kochi Survey Corridor R-0777,Kerala,Ernakulam,Kochi,2,10.7,20.2,4.1,23.4,Low,Heavy,High Risk,IRC:82-2015 Systematic Pavement Survey
Kochi Survey Corridor R-0885,Kerala,Ernakulam,Kochi,4,15.6,9.2,8.3,4.7,High,Moderate,Critical Risk,IRC:82-2015 Systematic Pavement Survey
Mumbai Survey Corridor R-0631,Maharashtra,Mumbai Suburban,Mumbai,0,0.0,7.8,0.5,32.5,Very High,Light,Low Risk,IRC:82-2015 Systematic Pavement Survey
Madurai Survey Corridor R-0244,Tamil Nadu,Madurai,Madurai,17,11.5,33.7,14.0,34.1,High,Torrential,Critical Risk,IRC:82-2015 Systematic Pavement Survey
Bengaluru Survey Corridor R-0281,Karnataka,Bengaluru Urban,Bengaluru,5,2.9,34.3,7.0,7.3,High,Torrential,High Risk,IRC:82-2015 Systematic Pavement Survey
Pune Survey Corridor R-0908,Maharashtra,Pune,Pune,0,0.0,87.6,12.5,23.7,Low,Torrential,Critical Risk,IRC:82-2015 Systematic Pavement Survey
Coimbatore Survey Corridor R-0253,Tamil Nadu,Coimbatore,Coimbatore,0,0.0,3.5,2.9,9.8,Low,Light,Low Risk,IRC:82-2015 Systematic Pavement Survey
Bengaluru Survey Corridor R-0089,Karnataka,Bengaluru Urban,Bengaluru,5,3.5,36.7,7.5,16.5,Very High,Light,High Risk,IRC:82-2015 Systematic Pavement Survey
Madurai Survey Corridor R-0064,Tamil Nadu,Madurai,Madurai,33,10.7,22.7,9.0,22.3,Medium,Torrential,Critical Risk,IRC:82-2015 Systematic Pavement Survey
Coimbatore Survey Corridor R-1057,Tamil Nadu,Coimbatore,Coimbatore,0,0.0,2.4,2.1,33.8,Low,Torrential,Low Risk,IRC:82-2015 Systematic Pavement Survey
Hyderabad Survey Corridor R-0514,Telangana,Hyderabad,Hyderabad,12,9.1,66.9,13.7,27.0,Low,Moderate,Critical Risk,IRC:82-2015 Systematic Pavement Survey
Coimbatore Survey Corridor R-0637,Tamil Nadu,Coimbatore,Coimbatore,0,0.0,5.3,1.2,2.8,Very High,Light,Low Risk,IRC:82-2015 Systematic Pavement Survey
Madurai Survey Corridor R-0604,Tamil Nadu,Madurai,Madurai,21,7.9,33.2,8.8,13.7,High,Heavy,Critical Risk,IRC:82-2015 Systematic Pavement Survey
Trichy Bypass Arterial Link,Tamil Nadu,Tiruchirappalli,Trichy,6,3.8,25.0,4.8,7.0,Medium,Moderate,Medium Risk,IRC:82-2015 Specification Benchmark
Kochi Survey Corridor R-1089,Kerala,Ernakulam,Kochi,5,8.6,25.2,7.8,12.6,High,Torrential,High Risk,IRC:82-2015 Systematic Pavement Survey
Mysuru Survey Corridor R-0666,Karnataka,Mysuru,Mysuru,42,15.3,109.2,16.1,18.4,Medium,Heavy,Critical Risk,IRC:82-2015 Systematic Pavement Survey
Mumbai Survey Corridor R-0739,Maharashtra,Mumbai Suburban,Mumbai,0,0.0,3.8,1.1,20.2,Very High,Torrential,Low Risk,IRC:82-2015 Systematic Pavement Survey
Bengaluru Survey Corridor R-0773,Karnataka,Bengaluru Urban,Bengaluru,4,5.2,20.8,7.7,19.0,Low,Torrential,Medium Risk,IRC:82-2015 Systematic Pavement Survey
Bengaluru Survey Corridor R-0293,Karnataka,Bengaluru Urban,Bengaluru,3,3.3,21.2,3.3,18.6,Medium,Torrential,Medium Risk,IRC:82-2015 Systematic Pavement Survey
Hyderabad Survey Corridor R-1150,Telangana,Hyderabad,Hyderabad,18,11.5,79.6,11.6,11.0,Medium,Heavy,Critical Risk,IRC:82-2015 Systematic Pavement Survey
Hyderabad Survey Corridor R-0082,Telangana,Hyderabad,Hyderabad,17,11.4,48.9,9.0,25.0,Medium,Moderate,Critical Risk,IRC:82-2015 Systematic Pavement Survey
Chennai Survey Corridor R-0410,Tamil Nadu,Chennai,Chennai,2,3.0,107.7,10.7,3.2,Very High,Light,Critical Risk,IRC:82-2015 Systematic Pavement Survey
Mysuru Survey Corridor R-0822,Karnataka,Mysuru,Mysuru,39,12.8,107.9,14.1,10.8,Medium,Light,Critical Risk,IRC:82-2015 Systematic Pavement Survey
Bengaluru Survey Corridor R-0593,Karnataka,Bengaluru Urban,Bengaluru,3,4.4,30.1,6.5,6.8,Medium,Moderate,High Risk,IRC:82-2015 Systematic Pavement Survey
Salem Survey Corridor R-0339,Tamil Nadu,Salem,Salem,4,14.8,32.6,4.8,26.7,Low,Moderate,Critical Risk,IRC:82-2015 Systematic Pavement Survey
Bengaluru Survey Corridor R-0941,Karnataka,Bengaluru Urban,Bengaluru,6,4.9,19.8,3.9,26.7,Low,Torrential,Medium Risk,IRC:82-2015 Systematic Pavement Survey
Bengaluru Survey Corridor R-1073,Karnataka,Bengaluru Urban,Bengaluru,9,2.7,30.2,3.3,32.0,Low,Heavy,Medium Risk,IRC:82-2015 Systematic Pavement Survey
Pune Survey Corridor R-0260,Maharashtra,Pune,Pune,0,0.0,114.4,8.5,18.2,Medium,Torrential,Critical Risk,IRC:82-2015 Systematic Pavement Survey
Bellary Road Airport Expressway (Hebbal - Yelahanka),Karnataka,Bengaluru Urban,Bengaluru,1,1.0,6.0,2.0,13.4,Very High,Moderate,Low Risk,Verified Physical Survey (MoRTH / NHAI Registry)
Visakhapatnam Survey Corridor R-0624,Andhra Pradesh,Visakhapatnam,Visakhapatnam,44,16.6,92.5,10.1,3.7,Low,Heavy,Critical Risk,IRC:82-2015 Systematic Pavement Survey
Madurai - Dindigul Four Lane Link (Goripalayam - Samayanallur),Tamil Nadu,Madurai,Madurai,8,4.5,31.0,5.5,13.8,High,Moderate,Medium Risk,Verified Physical Survey (MoRTH / NHAI Registry)
Pune Survey Corridor R-0764,Maharashtra,Pune,Pune,0,0.0,108.1,11.5,24.6,Low,Heavy,Critical Risk,IRC:82-2015 Systematic Pavement Survey
Chennai Survey Corridor R-0842,Tamil Nadu,Chennai,Chennai,1,1.0,40.3,10.3,4.7,Very High,Moderate,High Risk,IRC:82-2015 Systematic Pavement Survey
Coimbatore Survey Corridor R-0445,Tamil Nadu,Coimbatore,Coimbatore,2,0.6,8.7,1.3,14.1,Very High,Moderate,Low Risk,IRC:82-2015 Systematic Pavement Survey
Delhi NCR Survey Corridor R-0767,Delhi,South Delhi,Delhi NCR,3,3.5,23.5,6.1,29.9,High,Torrential,Medium Risk,IRC:82-2015 Systematic Pavement Survey
Visakhapatnam Survey Corridor R-1200,Andhra Pradesh,Visakhapatnam,Visakhapatnam,37,10.1,112.5,12.7,26.4,High,Torrential,Critical Risk,IRC:82-2015 Systematic Pavement Survey
Delhi NCR Survey Corridor R-0347,Delhi,South Delhi,Delhi NCR,9,4.7,29.9,4.9,19.3,Very High,Moderate,Medium Risk,IRC:82-2015 Systematic Pavement Survey
Pune Survey Corridor R-0860,Maharashtra,Pune,Pune,1,2.0,46.7,8.0,2.6,Very High,Light,High Risk,IRC:82-2015 Systematic Pavement Survey
Coimbatore Survey Corridor R-0757,Tamil Nadu,Coimbatore,Coimbatore,2,0.9,4.5,1.1,31.4,High,Torrential,Low Risk,IRC:82-2015 Systematic Pavement Survey
Chennai Survey Corridor R-0806,Tamil Nadu,Chennai,Chennai,0,0.0,39.7,8.6,27.0,Low,Torrential,High Risk,IRC:82-2015 Systematic Pavement Survey
Kochi Survey Corridor R-0477,Kerala,Ernakulam,Kochi,3,13.7,22.8,9.3,20.8,Very High,Light,High Risk,IRC:82-2015 Systematic Pavement Survey
Chennai Survey Corridor R-0698,Tamil Nadu,Chennai,Chennai,3,0.5,39.4,11.1,6.3,Medium,Light,High Risk,IRC:82-2015 Systematic Pavement Survey
Chennai Survey Corridor R-1190,Tamil Nadu,Chennai,Chennai,3,0.1,42.7,14.4,22.4,High,Moderate,High Risk,IRC:82-2015 Systematic Pavement Survey
Visakhapatnam Survey Corridor R-0936,Andhra Pradesh,Visakhapatnam,Visakhapatnam,39,11.2,87.5,16.8,20.0,Medium,Heavy,Critical Risk,IRC:82-2015 Systematic Pavement Survey
PMGSY Kinathukadavu - Vadachithur Rural Connector (VR-204),Tamil Nadu,Coimbatore,Kinathukadavu,14,7.2,50.0,8.0,6.8,Medium,Moderate,High Risk,Verified Physical Survey (MoRTH / NHAI Registry)
Mumbai Survey Corridor R-0115,Maharashtra,Mumbai Suburban,Mumbai,1,0.1,2.3,2.2,31.4,Medium,Heavy,Low Risk,IRC:82-2015 Systematic Pavement Survey
Bengaluru Survey Corridor R-0185,Karnataka,Bengaluru Urban,Bengaluru,3,5.7,28.8,6.5,2.8,Medium,Heavy,High Risk,IRC:82-2015 Systematic Pavement Survey
Mysuru Survey Corridor R-0750,Karnataka,Mysuru,Mysuru,19,15.0,137.2,10.4,31.3,Very High,Torrential,Critical Risk,IRC:82-2015 Systematic Pavement Survey
Visakhapatnam Survey Corridor R-1080,Andhra Pradesh,Visakhapatnam,Visakhapatnam,41,16.7,88.7,15.0,25.3,Medium,Heavy,Critical Risk,IRC:82-2015 Systematic Pavement Survey
Madurai Survey Corridor R-1012,Tamil Nadu,Madurai,Madurai,32,6.2,64.5,11.1,11.7,Low,Heavy,Critical Risk,IRC:82-2015 Systematic Pavement Survey
Chennai Survey Corridor R-0986,Tamil Nadu,Chennai,Chennai,1,0.4,86.0,11.1,18.5,Medium,Torrential,Critical Risk,IRC:82-2015 Systematic Pavement Survey
Madurai Survey Corridor R-0724,Tamil Nadu,Madurai,Madurai,32,11.6,76.8,12.3,11.7,High,Torrential,Critical Risk,IRC:82-2015 Systematic Pavement Survey
Pune Survey Corridor R-1184,Maharashtra,Pune,Pune,3,0.4,85.4,10.3,22.2,High,Heavy,Critical Risk,IRC:82-2015 Systematic Pavement Survey
Kochi Survey Corridor R-0429,Kerala,Ernakulam,Kochi,4,13.2,24.4,9.2,21.4,Medium,Moderate,Critical Risk,IRC:82-2015 Systematic Pavement Survey
Hyderabad Survey Corridor R-0094,Telangana,Hyderabad,Hyderabad,29,10.0,29.9,9.3,27.4,Medium,Torrential,Critical Risk,IRC:82-2015 Systematic Pavement Survey
Chennai Survey Corridor R-0578,Tamil Nadu,Chennai,Chennai,2,1.8,52.1,11.5,14.9,High,Moderate,High Risk,IRC:82-2015 Systematic Pavement Survey
Chennai Survey Corridor R-0602,Tamil Nadu,Chennai,Chennai,3,0.1,75.7,7.0,26.3,High,Torrential,Critical Risk,IRC:82-2015 Systematic Pavement Survey
Coimbatore Survey Corridor R-0793,Tamil Nadu,Coimbatore,Coimbatore,0,0.0,4.0,0.3,28.9,Very High,Heavy,Low Risk,IRC:82-2015 Systematic Pavement Survey
Mysuru Survey Corridor R-0882,Karnataka,Mysuru,Mysuru,29,16.2,119.2,15.2,6.3,Low,Moderate,Critical Risk,IRC:82-2015 Systematic Pavement Survey
Delhi NCR Survey Corridor R-0227,Delhi,South Delhi,Delhi NCR,6,3.1,34.6,6.9,27.2,Medium,Moderate,High Risk,IRC:82-2015 Systematic Pavement Survey
Coimbatore Survey Corridor R-0565,Tamil Nadu,Coimbatore,Coimbatore,0,0.0,8.5,0.8,25.7,Medium,Moderate,Low Risk,IRC:82-2015 Systematic Pavement Survey
Madurai Survey Corridor R-1180,Tamil Nadu,Madurai,Madurai,14,7.1,61.1,13.9,24.5,Medium,Light,High Risk,IRC:82-2015 Systematic Pavement Survey
Coimbatore Survey Corridor R-0625,Tamil Nadu,Coimbatore,Coimbatore,0,0.0,0.2,2.8,25.0,Very High,Torrential,Low Risk,IRC:82-2015 Systematic Pavement Survey
Coimbatore Survey Corridor R-1009,Tamil Nadu,Coimbatore,Coimbatore,0,0.0,0.7,1.4,11.0,Medium,Heavy,Low Risk,IRC:82-2015 Systematic Pavement Survey
Chennai Survey Corridor R-0914,Tamil Nadu,Chennai,Chennai,2,0.3,65.3,12.5,10.3,High,Moderate,Critical Risk,IRC:82-2015 Systematic Pavement Survey
Bengaluru Survey Corridor R-0509,Karnataka,Bengaluru Urban,Bengaluru,5,3.9,29.1,3.5,22.6,Very High,Torrential,Medium Risk,IRC:82-2015 Systematic Pavement Survey
Coimbatore Survey Corridor R-1141,Tamil Nadu,Coimbatore,Coimbatore,0,0.0,1.5,0.7,1.4,Medium,Torrential,Low Risk,IRC:82-2015 Systematic Pavement Survey
Chennai Survey Corridor R-0674,Tamil Nadu,Chennai,Chennai,1,1.0,98.7,9.7,4.0,Low,Heavy,Critical Risk,IRC:82-2015 Systematic Pavement Survey
Visakhapatnam Survey Corridor R-0732,Andhra Pradesh,Visakhapatnam,Visakhapatnam,21,12.7,70.0,11.4,29.1,Medium,Light,Critical Risk,IRC:82-2015 Systematic Pavement Survey
Whitefield Main Road (ITPL - Hope Farm Junction),Karnataka,Bengaluru Urban,Bengaluru,23,12.0,88.0,11.2,6.8,Very High,Heavy,Critical Risk,Verified Physical Survey (MoRTH / NHAI Registry)
Mumbai Survey Corridor R-0067,Maharashtra,Mumbai Suburban,Mumbai,1,1.3,7.4,2.0,8.0,Low,Light,Low Risk,IRC:82-2015 Systematic Pavement Survey
Hyderabad Survey Corridor R-0262,Telangana,Hyderabad,Hyderabad,18,9.1,50.9,9.9,23.7,Very High,Heavy,Critical Risk,IRC:82-2015 Systematic Pavement Survey
Salem Survey Corridor R-0195,Tamil Nadu,Salem,Salem,2,14.1,17.5,5.9,26.1,Medium,Light,High Risk,IRC:82-2015 Systematic Pavement Survey
Madurai Survey Corridor R-0976,Tamil Nadu,Madurai,Madurai,28,5.2,52.0,11.5,26.5,Low,Heavy,Critical Risk,IRC:82-2015 Systematic Pavement Survey
Salem Survey Corridor R-0867,Tamil Nadu,Salem,Salem,5,13.0,7.4,6.2,26.1,High,Heavy,Critical Risk,IRC:82-2015 Systematic Pavement Survey
Coimbatore Survey Corridor R-1177,Tamil Nadu,Coimbatore,Coimbatore,0,0.0,0.2,2.2,2.1,High,Light,Low Risk,IRC:82-2015 Systematic Pavement Survey
Hyderabad Survey Corridor R-0130,Telangana,Hyderabad,Hyderabad,20,11.8,55.7,9.8,15.0,Medium,Heavy,Critical Risk,IRC:82-2015 Systematic Pavement Survey
Mumbai Survey Corridor R-0055,Maharashtra,Mumbai Suburban,Mumbai,0,0.0,5.6,0.4,2.8,Very High,Moderate,Low Risk,IRC:82-2015 Systematic Pavement Survey
Mumbai Survey Corridor R-1171,Maharashtra,Mumbai Suburban,Mumbai,0,0.0,8.5,0.3,13.0,Very High,Heavy,Low Risk,IRC:82-2015 Systematic Pavement Survey
Pune Survey Corridor R-0932,Maharashtra,Pune,Pune,0,0.0,110.2,7.5,14.7,Low,Heavy,Critical Risk,IRC:82-2015 Systematic Pavement Survey
Mysuru Survey Corridor R-0546,Karnataka,Mysuru,Mysuru,38,13.5,117.5,16.9,7.1,Very High,Moderate,Critical Risk,IRC:82-2015 Systematic Pavement Survey
Visakhapatnam Survey Corridor R-0120,Andhra Pradesh,Visakhapatnam,Visakhapatnam,36,12.4,87.0,17.2,21.7,High,Torrential,Critical Risk,IRC:82-2015 Systematic Pavement Survey
Coimbatore Survey Corridor R-0241,Tamil Nadu,Coimbatore,Coimbatore,0,0.0,0.4,0.7,15.9,Medium,Moderate,Low Risk,IRC:82-2015 Systematic Pavement Survey
Madurai Survey Corridor R-0436,Tamil Nadu,Madurai,Madurai,34,7.9,54.9,9.0,21.4,Very High,Torrential,Critical Risk,IRC:82-2015 Systematic Pavement Survey
Visakhapatnam Survey Corridor R-0288,Andhra Pradesh,Visakhapatnam,Visakhapatnam,40,13.8,74.3,12.5,8.8,High,Torrential,Critical Risk,IRC:82-2015 Systematic Pavement Survey
Pune Survey Corridor R-1028,Maharashtra,Pune,Pune,2,2.1,99.0,13.0,30.6,Low,Moderate,Critical Risk,IRC:82-2015 Systematic Pavement Survey
Tirupur Garment Industrial Highway (Avinashi Road Link - Kangeyam Road),Tamil Nadu,Tiruppur,Tirupur,22,12.4,86.0,11.5,9.4,Very High,Moderate,Critical Risk,Verified Physical Survey (MoRTH / NHAI Registry)
Visakhapatnam Survey Corridor R-0684,Andhra Pradesh,Visakhapatnam,Visakhapatnam,20,10.9,113.1,13.3,14.7,High,Moderate,Critical Risk,IRC:82-2015 Systematic Pavement Survey
Kochi Survey Corridor R-1077,Kerala,Ernakulam,Kochi,5,13.1,21.3,3.9,13.8,Medium,Light,Critical Risk,IRC:82-2015 Systematic Pavement Survey
Delhi NCR Survey Corridor R-0983,Delhi,South Delhi,Delhi NCR,8,3.1,25.3,7.2,3.7,Very High,Moderate,Medium Risk,IRC:82-2015 Systematic Pavement Survey
Coimbatore Survey Corridor R-0457,Tamil Nadu,Coimbatore,Coimbatore,0,0.0,7.4,2.3,20.5,Low,Heavy,Low Risk,IRC:82-2015 Systematic Pavement Survey
Visakhapatnam Survey Corridor R-0312,Andhra Pradesh,Visakhapatnam,Visakhapatnam,23,9.0,61.4,14.8,13.4,High,Heavy,Critical Risk,IRC:82-2015 Systematic Pavement Survey
Chennai Ring Road Sector 4,Tamil Nadu,Chennai,Chennai,2,1.5,8.0,2.0,12.0,High,Moderate,Low Risk,IRC:82-2015 Specification Benchmark
Pune Survey Corridor R-0416,Maharashtra,Pune,Pune,1,1.4,118.6,8.0,14.8,Medium,Light,Critical Risk,IRC:82-2015 Systematic Pavement Survey
Coimbatore Survey Corridor R-0097,Tamil Nadu,Coimbatore,Coimbatore,0,0.0,4.8,2.3,32.0,High,Light,Low Risk,IRC:82-2015 Systematic Pavement Survey
Pune Survey Corridor R-1040,Maharashtra,Pune,Pune,2,2.8,49.1,5.0,34.5,Low,Moderate,High Risk,IRC:82-2015 Systematic Pavement Survey
Salem Survey Corridor R-0111,Tamil Nadu,Salem,Salem,2,11.7,11.2,5.5,18.1,Low,Heavy,High Risk,IRC:82-2015 Systematic Pavement Survey
Hosur Road Expressway Strip (Silk Board - Electronic City),Karnataka,Bengaluru Urban,Bengaluru,5,3.0,22.0,4.2,9.8,Very High,Moderate,Medium Risk,Verified Physical Survey (MoRTH / NHAI Registry)
Mumbai Survey Corridor R-0451,Maharashtra,Mumbai Suburban,Mumbai,1,0.3,7.7,2.2,31.8,High,Torrential,Low Risk,IRC:82-2015 Systematic Pavement Survey
Thane-Belapur Road Link,Maharashtra,Thane,Navi Mumbai,8,4.5,32.0,5.5,9.0,High,Heavy,Medium Risk,IRC:82-2015 Specification Benchmark
Delhi NCR Survey Corridor R-0131,Delhi,South Delhi,Delhi NCR,3,5.5,31.4,5.0,32.7,High,Light,Medium Risk,IRC:82-2015 Systematic Pavement Survey
Mysuru Survey Corridor R-0486,Karnataka,Mysuru,Mysuru,22,16.4,128.0,11.7,23.4,High,Moderate,Critical Risk,IRC:82-2015 Systematic Pavement Survey
Delhi NCR Survey Corridor R-0455,Delhi,South Delhi,Delhi NCR,9,3.6,24.8,5.6,20.1,High,Heavy,Medium Risk,IRC:82-2015 Systematic Pavement Survey
Hyderabad Survey Corridor R-0598,Telangana,Hyderabad,Hyderabad,32,7.0,62.9,13.1,25.9,Low,Torrential,Critical Risk,IRC:82-2015 Systematic Pavement Survey
Coimbatore Survey Corridor R-0973,Tamil Nadu,Coimbatore,Coimbatore,0,0.0,2.8,0.4,11.3,High,Torrential,Low Risk,IRC:82-2015 Systematic Pavement Survey
Visakhapatnam Survey Corridor R-0768,Andhra Pradesh,Visakhapatnam,Visakhapatnam,37,14.0,101.9,12.3,11.1,Low,Torrential,Critical Risk,IRC:82-2015 Systematic Pavement Survey
Bengaluru Survey Corridor R-1097,Karnataka,Bengaluru Urban,Bengaluru,8,2.8,28.3,4.3,28.3,High,Torrential,Medium Risk,IRC:82-2015 Systematic Pavement Survey
Visakhapatnam Survey Corridor R-0420,Andhra Pradesh,Visakhapatnam,Visakhapatnam,28,16.6,82.8,13.7,15.9,Very High,Moderate,Critical Risk,IRC:82-2015 Systematic Pavement Survey
Delhi NCR Survey Corridor R-0899,Delhi,South Delhi,Delhi NCR,9,5.6,13.3,4.3,16.8,Low,Heavy,Medium Risk,IRC:82-2015 Systematic Pavement Survey
Hyderabad Survey Corridor R-1126,Telangana,Hyderabad,Hyderabad,16,7.3,49.3,9.3,34.5,Low,Light,High Risk,IRC:82-2015 Systematic Pavement Survey
Mumbai Survey Corridor R-0223,Maharashtra,Mumbai Suburban,Mumbai,0,0.0,6.1,2.0,10.3,Low,Moderate,Low Risk,IRC:82-2015 Systematic Pavement Survey
Kochi Survey Corridor R-1173,Kerala,Ernakulam,Kochi,4,14.1,20.2,9.9,16.8,High,Moderate,Critical Risk,IRC:82-2015 Systematic Pavement Survey
Bengaluru Survey Corridor R-0737,Karnataka,Bengaluru Urban,Bengaluru,4,4.1,25.1,3.6,6.7,High,Torrential,Medium Risk,IRC:82-2015 Systematic Pavement Survey
Bengaluru Survey Corridor R-1181,Karnataka,Bengaluru Urban,Bengaluru,5,3.4,33.1,3.3,19.3,High,Moderate,Medium Risk,IRC:82-2015 Systematic Pavement Survey
Kochi Survey Corridor R-0165,Kerala,Ernakulam,Kochi,3,8.7,11.2,3.2,7.2,Very High,Light,High Risk,IRC:82-2015 Systematic Pavement Survey
Seaport - Airport Road (Kalamassery - Kakkanad InfoPark),Kerala,Ernakulam,Kochi,6,3.5,26.0,4.5,11.6,High,Torrential,Medium Risk,Verified Physical Survey (MoRTH / NHAI Registry)
Mysuru Survey Corridor R-0222,Karnataka,Mysuru,Mysuru,20,13.1,73.1,16.4,24.6,Very High,Torrential,Critical Risk,IRC:82-2015 Systematic Pavement Survey
Mumbai Survey Corridor R-1147,Maharashtra,Mumbai Suburban,Mumbai,0,0.0,3.3,2.6,7.6,Very High,Light,Low Risk,IRC:82-2015 Systematic Pavement Survey
Bengaluru Survey Corridor R-0377,Karnataka,Bengaluru Urban,Bengaluru,8,3.5,32.5,3.6,13.1,High,Torrential,Medium Risk,IRC:82-2015 Systematic Pavement Survey
Coimbatore Survey Corridor R-1165,Tamil Nadu,Coimbatore,Coimbatore,2,0.4,0.4,2.3,29.1,Very High,Moderate,Low Risk,IRC:82-2015 Systematic Pavement Survey
Madurai Survey Corridor R-0304,Tamil Nadu,Madurai,Madurai,34,6.5,67.2,10.6,20.3,Very High,Moderate,Critical Risk,IRC:82-2015 Systematic Pavement Survey
Coimbatore Survey Corridor R-0169,Tamil Nadu,Coimbatore,Coimbatore,0,0.0,8.1,2.4,15.5,High,Light,Low Risk,IRC:82-2015 Systematic Pavement Survey
Trichy - Thanjavur Arterial Corridor (Thiruverumbur Sector),Tamil Nadu,Tiruchirappalli,Trichy,5,2.8,20.0,3.8,11.8,High,Moderate,Medium Risk,Verified Physical Survey (MoRTH / NHAI Registry)
Bengaluru Survey Corridor R-0689,Karnataka,Bengaluru Urban,Bengaluru,6,5.1,29.1,7.7,28.9,Medium,Torrential,High Risk,IRC:82-2015 Systematic Pavement Survey
Coimbatore Survey Corridor R-0409,Tamil Nadu,Coimbatore,Coimbatore,2,1.3,4.8,2.5,10.7,Very High,Heavy,Low Risk,IRC:82-2015 Systematic Pavement Survey
Kochi Survey Corridor R-1017,Kerala,Ernakulam,Kochi,3,8.2,7.8,7.8,30.9,High,Heavy,High Risk,IRC:82-2015 Systematic Pavement Survey
Salem Survey Corridor R-1179,Tamil Nadu,Salem,Salem,3,16.0,17.9,5.2,31.8,High,Moderate,High Risk,IRC:82-2015 Systematic Pavement Survey
Salem Survey Corridor R-0627,Tamil Nadu,Salem,Salem,3,11.1,7.1,7.5,25.9,Medium,Moderate,High Risk,IRC:82-2015 Systematic Pavement Survey
Salem Survey Corridor R-0579,Tamil Nadu,Salem,Salem,5,15.4,8.2,8.4,14.9,Medium,Light,Critical Risk,IRC:82-2015 Systematic Pavement Survey
Delhi NCR Survey Corridor R-1031,Delhi,South Delhi,Delhi NCR,7,2.6,31.1,6.1,20.7,High,Light,High Risk,IRC:82-2015 Systematic Pavement Survey
Kochi Survey Corridor R-0993,Kerala,Ernakulam,Kochi,3,14.5,17.5,5.2,32.9,Medium,Moderate,High Risk,IRC:82-2015 Systematic Pavement Survey
Salem Survey Corridor R-1083,Tamil Nadu,Salem,Salem,3,8.2,17.2,4.5,19.1,High,Heavy,High Risk,IRC:82-2015 Systematic Pavement Survey
Pune Survey Corridor R-0740,Maharashtra,Pune,Pune,1,0.1,71.5,8.1,5.4,Low,Torrential,Critical Risk,IRC:82-2015 Systematic Pavement Survey
Madurai Survey Corridor R-0100,Tamil Nadu,Madurai,Madurai,13,8.2,26.8,11.4,18.7,Medium,Heavy,Critical Risk,IRC:82-2015 Systematic Pavement Survey
Pune Survey Corridor R-0896,Maharashtra,Pune,Pune,3,1.7,95.7,7.6,16.1,Low,Torrential,Critical Risk,IRC:82-2015 Systematic Pavement Survey
Bengaluru Survey Corridor R-0761,Karnataka,Bengaluru Urban,Bengaluru,6,3.3,22.1,5.4,5.7,Very High,Heavy,Medium Risk,IRC:82-2015 Systematic Pavement Survey
Chennai Survey Corridor R-1010,Tamil Nadu,Chennai,Chennai,1,1.3,119.9,7.4,4.5,Medium,Heavy,Critical Risk,IRC:82-2015 Systematic Pavement Survey
Coimbatore Survey Corridor R-0817,Tamil Nadu,Coimbatore,Coimbatore,0,0.0,3.2,1.0,25.8,High,Heavy,Low Risk,IRC:82-2015 Systematic Pavement Survey
Coimbatore Survey Corridor R-0853,Tamil Nadu,Coimbatore,Coimbatore,0,0.0,7.9,2.2,4.8,Medium,Moderate,Low Risk,IRC:82-2015 Systematic Pavement Survey
Pune Survey Corridor R-0092,Maharashtra,Pune,Pune,0,0.0,104.2,12.5,6.5,Medium,Heavy,Critical Risk,IRC:82-2015 Systematic Pavement Survey
Hyderabad Survey Corridor R-1114,Telangana,Hyderabad,Hyderabad,33,6.7,69.3,9.4,7.4,Low,Moderate,Critical Risk,IRC:82-2015 Systematic Pavement Survey
Bengaluru Survey Corridor R-0449,Karnataka,Bengaluru Urban,Bengaluru,9,3.0,23.5,6.1,17.6,High,Light,Medium Risk,IRC:82-2015 Systematic Pavement Survey
Coimbatore Survey Corridor R-0997,Tamil Nadu,Coimbatore,Coimbatore,1,0.5,0.6,1.1,10.1,Very High,Light,Low Risk,IRC:82-2015 Systematic Pavement Survey
Mumbai Survey Corridor R-0043,Maharashtra,Mumbai Suburban,Mumbai,0,0.0,6.0,2.6,8.8,Very High,Heavy,Low Risk,IRC:82-2015 Systematic Pavement Survey
Hyderabad Survey Corridor R-0526,Telangana,Hyderabad,Hyderabad,31,6.8,35.3,8.4,21.2,Medium,Torrential,Critical Risk,IRC:82-2015 Systematic Pavement Survey
Delhi NCR Survey Corridor R-1055,Delhi,South Delhi,Delhi NCR,3,5.4,18.1,6.3,14.8,Medium,Moderate,Medium Risk,IRC:82-2015 Systematic Pavement Survey
Vellore-Chittoor Inter-State Link,Tamil Nadu,Vellore,Vellore,18,9.0,68.0,10.0,10.0,High,Heavy,Critical Risk,IRC:82-2015 Specification Benchmark
Mumbai Survey Corridor R-0091,Maharashtra,Mumbai Suburban,Mumbai,0,0.0,2.3,1.5,2.1,Low,Light,Low Risk,IRC:82-2015 Systematic Pavement Survey
Mumbai Survey Corridor R-0343,Maharashtra,Mumbai Suburban,Mumbai,0,0.0,6.8,2.3,21.8,Medium,Heavy,Low Risk,IRC:82-2015 Systematic Pavement Survey
Salem Survey Corridor R-0147,Tamil Nadu,Salem,Salem,5,11.0,7.1,3.5,4.5,Low,Moderate,High Risk,IRC:82-2015 Systematic Pavement Survey
Madurai Survey Corridor R-1132,Tamil Nadu,Madurai,Madurai,33,6.3,75.2,6.7,33.5,Very High,Torrential,Critical Risk,IRC:82-2015 Systematic Pavement Survey
Marudhamalai Road (Lawley Road Junction - Vadavalli),Tamil Nadu,Coimbatore,Coimbatore,9,5.0,33.0,6.8,7.1,Medium,Moderate,High Risk,Verified Physical Survey (MoRTH / NHAI Registry)
Mysuru Survey Corridor R-0954,Karnataka,Mysuru,Mysuru,44,16.8,106.2,15.4,1.6,Medium,Moderate,Critical Risk,IRC:82-2015 Systematic Pavement Survey
Pune Survey Corridor R-0392,Maharashtra,Pune,Pune,1,2.1,61.7,10.2,28.9,Very High,Light,High Risk,IRC:82-2015 Systematic Pavement Survey
Coimbatore Survey Corridor R-0193,Tamil Nadu,Coimbatore,Coimbatore,0,0.0,8.5,2.4,34.9,Very High,Light,Low Risk,IRC:82-2015 Systematic Pavement Survey
Pune Survey Corridor R-0836,Maharashtra,Pune,Pune,3,0.6,118.0,12.1,32.8,Medium,Moderate,Critical Risk,IRC:82-2015 Systematic Pavement Survey
Hyderabad Survey Corridor R-1042,Telangana,Hyderabad,Hyderabad,16,13.5,32.3,10.9,8.6,Very High,Moderate,Critical Risk,IRC:82-2015 Systematic Pavement Survey
Madurai Survey Corridor R-0820,Tamil Nadu,Madurai,Madurai,18,12.0,53.8,8.1,24.6,Low,Light,Critical Risk,IRC:82-2015 Systematic Pavement Survey
Chennai Survey Corridor R-1130,Tamil Nadu,Chennai,Chennai,0,0.0,36.3,9.0,4.1,High,Moderate,High Risk,IRC:82-2015 Systematic Pavement Survey
Delhi NCR Survey Corridor R-0563,Delhi,South Delhi,Delhi NCR,7,5.8,31.1,7.4,7.9,Medium,Torrential,High Risk,IRC:82-2015 Systematic Pavement Survey
Kochi Survey Corridor R-0285,Kerala,Ernakulam,Kochi,2,14.7,32.0,5.5,9.1,Low,Torrential,High Risk,IRC:82-2015 Systematic Pavement Survey
Salem Survey Corridor R-1023,Tamil Nadu,Salem,Salem,2,9.0,24.7,3.3,21.3,Very High,Heavy,High Risk,IRC:82-2015 Systematic Pavement Survey
Hyderabad Survey Corridor R-0202,Telangana,Hyderabad,Hyderabad,26,6.9,51.1,10.8,18.9,High,Moderate,Critical Risk,IRC:82-2015 Systematic Pavement Survey
Mysuru Survey Corridor R-0090,Karnataka,Mysuru,Mysuru,25,10.5,111.7,13.1,8.8,Very High,Torrential,Critical Risk,IRC:82-2015 Systematic Pavement Survey
Madurai Survey Corridor R-0412,Tamil Nadu,Madurai,Madurai,13,12.9,54.3,10.1,15.6,Very High,Moderate,Critical Risk,IRC:82-2015 Systematic Pavement Survey
Madurai Survey Corridor R-0580,Tamil Nadu,Madurai,Madurai,12,13.3,26.7,10.1,27.7,Very High,Light,Critical Risk,IRC:82-2015 Systematic Pavement Survey
Coimbatore Survey Corridor R-1189,Tamil Nadu,Coimbatore,Coimbatore,1,1.8,7.7,2.1,2.8,Very High,Light,Low Risk,IRC:82-2015 Systematic Pavement Survey
Delhi NCR Survey Corridor R-1127,Delhi,South Delhi,Delhi NCR,4,3.6,24.0,4.4,13.6,High,Moderate,Medium Risk,IRC:82-2015 Systematic Pavement Survey
Hyderabad Survey Corridor R-0490,Telangana,Hyderabad,Hyderabad,33,12.0,52.6,6.8,24.4,Low,Light,Critical Risk,IRC:82-2015 Systematic Pavement Survey
Madurai Survey Corridor R-0868,Tamil Nadu,Madurai,Madurai,21,12.9,66.4,11.4,2.1,Medium,Moderate,Critical Risk,IRC:82-2015 Systematic Pavement Survey
Pune Survey Corridor R-0428,Maharashtra,Pune,Pune,3,2.3,41.0,5.9,13.1,High,Moderate,High Risk,IRC:82-2015 Systematic Pavement Survey
Pune Survey Corridor R-1076,Maharashtra,Pune,Pune,2,0.7,56.3,14.1,16.7,Medium,Heavy,High Risk,IRC:82-2015 Systematic Pavement Survey
Chennai Survey Corridor R-0086,Tamil Nadu,Chennai,Chennai,3,2.9,82.3,8.5,2.5,Low,Heavy,Critical Risk,IRC:82-2015 Systematic Pavement Survey
Mysuru Survey Corridor R-0342,Karnataka,Mysuru,Mysuru,32,9.8,137.2,13.9,6.1,Very High,Light,Critical Risk,IRC:82-2015 Systematic Pavement Survey
Mysuru Survey Corridor R-0894,Karnataka,Mysuru,Mysuru,41,10.3,83.8,10.7,32.0,Medium,Torrential,Critical Risk,IRC:82-2015 Systematic Pavement Survey
Mysuru Survey Corridor R-1122,Karnataka,Mysuru,Mysuru,44,15.7,69.4,16.1,4.2,Medium,Moderate,Critical Risk,IRC:82-2015 Systematic Pavement Survey
Delhi NCR Survey Corridor R-0599,Delhi,South Delhi,Delhi NCR,3,4.1,34.7,4.0,5.3,Medium,Light,Medium Risk,IRC:82-2015 Systematic Pavement Survey
Mumbai Survey Corridor R-0403,Maharashtra,Mumbai Suburban,Mumbai,0,0.0,0.2,2.9,5.3,Low,Heavy,Low Risk,IRC:82-2015 Systematic Pavement Survey
Mysuru Survey Corridor R-0126,Karnataka,Mysuru,Mysuru,29,10.8,137.4,15.7,7.8,Very High,Light,Critical Risk,IRC:82-2015 Systematic Pavement Survey
Pune Survey Corridor R-0548,Maharashtra,Pune,Pune,3,1.9,61.9,14.0,18.1,Very High,Heavy,Critical Risk,IRC:82-2015 Systematic Pavement Survey
Delhi NCR Survey Corridor R-0083,Delhi,South Delhi,Delhi NCR,5,2.9,24.8,3.1,16.9,Medium,Torrential,Medium Risk,IRC:82-2015 Systematic Pavement Survey
Mumbai Survey Corridor R-0691,Maharashtra,Mumbai Suburban,Mumbai,0,0.0,7.0,0.5,3.6,Low,Torrential,Low Risk,IRC:82-2015 Systematic Pavement Survey
Kochi Survey Corridor R-0921,Kerala,Ernakulam,Kochi,4,11.9,5.7,4.7,14.9,Medium,Heavy,Critical Risk,IRC:82-2015 Systematic Pavement Survey
Bengaluru Survey Corridor R-0137,Karnataka,Bengaluru Urban,Bengaluru,4,4.4,35.6,6.1,5.0,Medium,Heavy,High Risk,IRC:82-2015 Systematic Pavement Survey
Mumbai Survey Corridor R-0823,Maharashtra,Mumbai Suburban,Mumbai,0,0.0,2.6,2.3,1.8,Medium,Moderate,Low Risk,IRC:82-2015 Systematic Pavement Survey
Salem Survey Corridor R-0219,Tamil Nadu,Salem,Salem,5,8.4,31.1,9.8,33.9,Very High,Heavy,High Risk,IRC:82-2015 Systematic Pavement Survey
Bengaluru Survey Corridor R-0233,Karnataka,Bengaluru Urban,Bengaluru,8,5.7,30.8,6.7,6.0,Very High,Light,High Risk,IRC:82-2015 Systematic Pavement Survey
Madurai Survey Corridor R-1084,Tamil Nadu,Madurai,Madurai,25,12.6,58.1,6.3,8.0,Low,Heavy,Critical Risk,IRC:82-2015 Systematic Pavement Survey
Madurai Survey Corridor R-0340,Tamil Nadu,Madurai,Madurai,19,11.7,53.5,7.4,2.8,Very High,Moderate,Critical Risk,IRC:82-2015 Systematic Pavement Survey
Chennai Survey Corridor R-0062,Tamil Nadu,Chennai,Chennai,2,0.1,107.7,12.7,17.1,Medium,Moderate,Critical Risk,IRC:82-2015 Systematic Pavement Survey
Hyderabad Survey Corridor R-0142,Telangana,Hyderabad,Hyderabad,26,12.2,29.0,7.8,25.6,Medium,Heavy,Critical Risk,IRC:82-2015 Systematic Pavement Survey
Mumbai Survey Corridor R-0775,Maharashtra,Mumbai Suburban,Mumbai,0,0.0,6.8,1.5,15.0,Medium,Light,Low Risk,IRC:82-2015 Systematic Pavement Survey
Mysuru Survey Corridor R-0186,Karnataka,Mysuru,Mysuru,27,14.3,139.9,14.4,17.1,High,Moderate,Critical Risk,IRC:82-2015 Systematic Pavement Survey
Kochi Survey Corridor R-1137,Kerala,Ernakulam,Kochi,4,10.9,8.2,7.4,5.1,Very High,Moderate,High Risk,IRC:82-2015 Systematic Pavement Survey
Kochi Survey Corridor R-1125,Kerala,Ernakulam,Kochi,4,13.3,19.8,9.5,1.5,High,Light,Critical Risk,IRC:82-2015 Systematic Pavement Survey
Visakhapatnam Survey Corridor R-0324,Andhra Pradesh,Visakhapatnam,Visakhapatnam,27,17.0,136.4,16.3,11.7,Low,Moderate,Critical Risk,IRC:82-2015 Systematic Pavement Survey
Chennai Survey Corridor R-0794,Tamil Nadu,Chennai,Chennai,1,0.8,77.8,5.7,8.4,High,Moderate,Critical Risk,IRC:82-2015 Systematic Pavement Survey
Salem Survey Corridor R-0159,Tamil Nadu,Salem,Salem,4,8.8,15.0,3.5,26.6,Medium,Moderate,High Risk,IRC:82-2015 Systematic Pavement Survey
Bengaluru Survey Corridor R-0581,Karnataka,Bengaluru Urban,Bengaluru,4,5.6,33.2,6.4,4.8,Low,Light,High Risk,IRC:82-2015 Systematic Pavement Survey
Cross Cut Commercial Corridor (Gandhipuram - 100 Feet Road),Tamil Nadu,Coimbatore,Coimbatore,22,11.0,82.0,11.5,3.8,High,Heavy,Critical Risk,Verified Physical Survey (MoRTH / NHAI Registry)
Madurai Survey Corridor R-0052,Tamil Nadu,Madurai,Madurai,30,8.0,42.5,6.8,20.7,Medium,Heavy,Critical Risk,IRC:82-2015 Systematic Pavement Survey
Chennai Survey Corridor R-0638,Tamil Nadu,Chennai,Chennai,3,0.7,112.8,11.8,9.4,Medium,Moderate,Critical Risk,IRC:82-2015 Systematic Pavement Survey
Madurai Survey Corridor R-1144,Tamil Nadu,Madurai,Madurai,27,6.1,71.1,7.3,34.1,High,Torrential,Critical Risk,IRC:82-2015 Systematic Pavement Survey
Salem Survey Corridor R-0891,Tamil Nadu,Salem,Salem,4,13.7,10.8,6.3,17.1,High,Torrential,Critical Risk,IRC:82-2015 Systematic Pavement Survey
Mysuru Survey Corridor R-1074,Karnataka,Mysuru,Mysuru,18,13.3,98.9,14.5,32.2,Medium,Moderate,Critical Risk,IRC:82-2015 Systematic Pavement Survey
Kochi Survey Corridor R-0381,Kerala,Ernakulam,Kochi,5,11.7,32.3,6.8,17.9,Medium,Heavy,Critical Risk,IRC:82-2015 Systematic Pavement Survey
Salem Survey Corridor R-0603,Tamil Nadu,Salem,Salem,5,13.2,7.2,5.6,28.3,High,Torrential,Critical Risk,IRC:82-2015 Systematic Pavement Survey
Delhi NCR Survey Corridor R-1091,Delhi,South Delhi,Delhi NCR,5,3.1,26.8,4.9,33.8,High,Moderate,Medium Risk,IRC:82-2015 Systematic Pavement Survey
Bengaluru Survey Corridor R-0257,Karnataka,Bengaluru Urban,Bengaluru,6,2.6,31.1,6.3,17.1,Low,Torrential,High Risk,IRC:82-2015 Systematic Pavement Survey
Visakhapatnam Survey Corridor R-0588,Andhra Pradesh,Visakhapatnam,Visakhapatnam,37,11.1,69.4,11.3,1.1,Medium,Light,Critical Risk,IRC:82-2015 Systematic Pavement Survey
Coimbatore Survey Corridor R-0649,Tamil Nadu,Coimbatore,Coimbatore,0,0.0,4.5,0.6,22.2,Very High,Torrential,Low Risk,IRC:82-2015 Systematic Pavement Survey
Visakhapatnam Survey Corridor R-0912,Andhra Pradesh,Visakhapatnam,Visakhapatnam,30,17.1,69.6,12.6,28.7,Medium,Light,Critical Risk,IRC:82-2015 Systematic Pavement Survey
Salem Survey Corridor R-0567,Tamil Nadu,Salem,Salem,4,15.1,7.5,8.7,30.3,Very High,Light,Critical Risk,IRC:82-2015 Systematic Pavement Survey
Pune Survey Corridor R-0572,Maharashtra,Pune,Pune,1,2.9,106.3,13.9,29.0,High,Heavy,Critical Risk,IRC:82-2015 Systematic Pavement Survey
Bengaluru Survey Corridor R-1169,Karnataka,Bengaluru Urban,Bengaluru,8,5.5,23.5,7.6,16.0,Very High,Heavy,High Risk,IRC:82-2015 Systematic Pavement Survey
Mumbai Survey Corridor R-1111,Maharashtra,Mumbai Suburban,Mumbai,0,0.0,2.2,1.5,26.8,Medium,Light,Low Risk,IRC:82-2015 Systematic Pavement Survey
Salem Survey Corridor R-0735,Tamil Nadu,Salem,Salem,4,14.3,9.2,6.8,4.6,Low,Torrential,Critical Risk,IRC:82-2015 Systematic Pavement Survey
Kochi Survey Corridor R-0585,Kerala,Ernakulam,Kochi,2,10.5,32.1,3.5,29.2,High,Moderate,High Risk,IRC:82-2015 Systematic Pavement Survey
Madurai Survey Corridor R-0952,Tamil Nadu,Madurai,Madurai,15,9.4,28.0,7.9,10.9,Very High,Torrential,Critical Risk,IRC:82-2015 Systematic Pavement Survey
Madurai Survey Corridor R-0496,Tamil Nadu,Madurai,Madurai,12,11.7,33.4,11.1,20.4,Very High,Heavy,Critical Risk,IRC:82-2015 Systematic Pavement Survey
Kochi Survey Corridor R-0621,Kerala,Ernakulam,Kochi,3,14.8,12.5,7.0,3.3,Very High,Heavy,High Risk,IRC:82-2015 Systematic Pavement Survey
Coimbatore Survey Corridor R-0517,Tamil Nadu,Coimbatore,Coimbatore,0,0.0,2.2,1.3,31.4,Low,Moderate,Low Risk,IRC:82-2015 Systematic Pavement Survey
Bengaluru Survey Corridor R-1049,Karnataka,Bengaluru Urban,Bengaluru,6,2.5,24.1,6.4,8.7,Medium,Heavy,Medium Risk,IRC:82-2015 Systematic Pavement Survey
Pune Survey Corridor R-0464,Maharashtra,Pune,Pune,0,0.0,99.0,13.5,23.4,High,Light,Critical Risk,IRC:82-2015 Systematic Pavement Survey
Salem Survey Corridor R-0999,Tamil Nadu,Salem,Salem,2,8.5,26.0,3.1,14.9,Very High,Torrential,High Risk,IRC:82-2015 Systematic Pavement Survey
Visakhapatnam Survey Corridor R-0480,Andhra Pradesh,Visakhapatnam,Visakhapatnam,36,17.2,90.2,17.7,4.0,Medium,Heavy,Critical Risk,IRC:82-2015 Systematic Pavement Survey
Madurai Survey Corridor R-0688,Tamil Nadu,Madurai,Madurai,25,10.7,55.0,9.1,13.1,High,Torrential,Critical Risk,IRC:82-2015 Systematic Pavement Survey
Coimbatore Survey Corridor R-1105,Tamil Nadu,Coimbatore,Coimbatore,2,1.0,8.6,1.7,14.4,High,Light,Low Risk,IRC:82-2015 Systematic Pavement Survey
Madurai Survey Corridor R-0424,Tamil Nadu,Madurai,Madurai,19,8.8,44.7,13.3,25.3,Very High,Light,Critical Risk,IRC:82-2015 Systematic Pavement Survey
Delhi NCR Survey Corridor R-0035,Delhi,South Delhi,Delhi NCR,6,4.4,18.3,3.5,31.5,Low,Torrential,Medium Risk,IRC:82-2015 Systematic Pavement Survey
Visakhapatnam Survey Corridor R-0960,Andhra Pradesh,Visakhapatnam,Visakhapatnam,29,10.8,126.1,14.5,2.9,Very High,Torrential,Critical Risk,IRC:82-2015 Systematic Pavement Survey
Delhi NCR Survey Corridor R-0503,Delhi,South Delhi,Delhi NCR,9,4.9,18.8,4.7,32.2,Very High,Moderate,Medium Risk,IRC:82-2015 Systematic Pavement Survey
Hyderabad Survey Corridor R-0682,Telangana,Hyderabad,Hyderabad,13,6.7,20.3,6.5,31.8,Very High,Torrential,High Risk,IRC:82-2015 Systematic Pavement Survey
Delhi NCR Survey Corridor R-0803,Delhi,South Delhi,Delhi NCR,8,4.1,23.7,7.7,34.5,Very High,Moderate,Medium Risk,IRC:82-2015 Systematic Pavement Survey
Salem Survey Corridor R-0831,Tamil Nadu,Salem,Salem,2,10.3,13.0,5.3,20.0,Low,Heavy,High Risk,IRC:82-2015 Systematic Pavement Survey
Mysuru Survey Corridor R-0978,Karnataka,Mysuru,Mysuru,23,10.2,64.6,16.8,3.0,Very High,Heavy,Critical Risk,IRC:82-2015 Systematic Pavement Survey
Chennai Survey Corridor R-0146,Tamil Nadu,Chennai,Chennai,3,1.7,94.2,15.1,25.0,Medium,Light,Critical Risk,IRC:82-2015 Systematic Pavement Survey
Pune Survey Corridor R-0332,Maharashtra,Pune,Pune,2,0.2,117.3,8.2,27.2,Low,Light,Critical Risk,IRC:82-2015 Systematic Pavement Survey
Chennai Survey Corridor R-0734,Tamil Nadu,Chennai,Chennai,3,2.7,60.3,7.5,15.0,Medium,Torrential,High Risk,IRC:82-2015 Systematic Pavement Survey
Mysuru Survey Corridor R-0810,Karnataka,Mysuru,Mysuru,29,9.7,82.4,12.8,27.6,High,Heavy,Critical Risk,IRC:82-2015 Systematic Pavement Survey
Coimbatore Survey Corridor R-0337,Tamil Nadu,Coimbatore,Coimbatore,0,0.0,5.5,2.8,9.2,Low,Torrential,Low Risk,IRC:82-2015 Systematic Pavement Survey
Hyderabad Survey Corridor R-0706,Telangana,Hyderabad,Hyderabad,15,8.7,60.5,11.3,3.4,High,Moderate,Critical Risk,IRC:82-2015 Systematic Pavement Survey
Salem Survey Corridor R-1095,Tamil Nadu,Salem,Salem,2,12.0,28.0,6.4,6.1,Low,Light,High Risk,IRC:82-2015 Systematic Pavement Survey
Pune Survey Corridor R-0968,Maharashtra,Pune,Pune,0,0.0,83.3,13.7,34.5,Very High,Moderate,Critical Risk,IRC:82-2015 Systematic Pavement Survey
Mysuru Survey Corridor R-0582,Karnataka,Mysuru,Mysuru,21,17.3,95.5,14.4,9.7,Low,Heavy,Critical Risk,IRC:82-2015 Systematic Pavement Survey
Visakhapatnam Survey Corridor R-0552,Andhra Pradesh,Visakhapatnam,Visakhapatnam,44,12.2,66.7,12.7,24.0,High,Moderate,Critical Risk,IRC:82-2015 Systematic Pavement Survey
Visakhapatnam Survey Corridor R-0900,Andhra Pradesh,Visakhapatnam,Visakhapatnam,36,9.8,99.0,15.5,9.9,Low,Moderate,Critical Risk,IRC:82-2015 Systematic Pavement Survey
Bengaluru Survey Corridor R-0665,Karnataka,Bengaluru Urban,Bengaluru,8,4.6,36.0,6.9,21.1,Low,Light,High Risk,IRC:82-2015 Systematic Pavement Survey
Delhi NCR Survey Corridor R-0623,Delhi,South Delhi,Delhi NCR,5,3.3,13.0,5.1,5.4,Very High,Heavy,Medium Risk,IRC:82-2015 Systematic Pavement Survey
Chennai Survey Corridor R-0038,Tamil Nadu,Chennai,Chennai,3,1.8,35.8,6.1,23.6,Low,Moderate,High Risk,IRC:82-2015 Systematic Pavement Survey
Visakhapatnam Survey Corridor R-0744,Andhra Pradesh,Visakhapatnam,Visakhapatnam,27,17.0,135.5,16.1,1.2,Medium,Moderate,Critical Risk,IRC:82-2015 Systematic Pavement Survey
Hyderabad Survey Corridor R-0346,Telangana,Hyderabad,Hyderabad,14,8.6,68.0,7.6,19.9,Very High,Moderate,Critical Risk,IRC:82-2015 Systematic Pavement Survey
Hyderabad Survey Corridor R-0442,Telangana,Hyderabad,Hyderabad,22,6.2,26.0,7.7,32.5,High,Moderate,Critical Risk,IRC:82-2015 Systematic Pavement Survey
Salem Survey Corridor R-1011,Tamil Nadu,Salem,Salem,3,15.0,20.8,6.3,4.6,High,Torrential,High Risk,IRC:82-2015 Systematic Pavement Survey
Visakhapatnam Survey Corridor R-0996,Andhra Pradesh,Visakhapatnam,Visakhapatnam,26,11.0,89.3,13.1,34.2,High,Heavy,Critical Risk,IRC:82-2015 Systematic Pavement Survey
Bengaluru Survey Corridor R-0869,Karnataka,Bengaluru Urban,Bengaluru,6,6.0,24.6,7.9,26.7,Medium,Moderate,High Risk,IRC:82-2015 Systematic Pavement Survey
Delhi NCR Survey Corridor R-0719,Delhi,South Delhi,Delhi NCR,8,5.2,15.4,5.8,16.0,Medium,Moderate,Medium Risk,IRC:82-2015 Systematic Pavement Survey
Pune Survey Corridor R-0140,Maharashtra,Pune,Pune,0,0.0,37.9,11.3,26.9,High,Moderate,High Risk,IRC:82-2015 Systematic Pavement Survey
Chennai Survey Corridor R-0074,Tamil Nadu,Chennai,Chennai,3,2.5,62.2,14.9,14.2,Very High,Light,Critical Risk,IRC:82-2015 Systematic Pavement Survey
Mumbai Survey Corridor R-0991,Maharashtra,Mumbai Suburban,Mumbai,0,0.0,0.0,2.6,14.0,High,Heavy,Low Risk,IRC:82-2015 Systematic Pavement Survey
PMGSY Alandi - Markal Industrial Rural Link (MR-18),Maharashtra,Pune,Alandi,16,8.2,60.0,9.0,8.1,Medium,Moderate,Critical Risk,Verified Physical Survey (MoRTH / NHAI Registry)
Kochi Survey Corridor R-0957,Kerala,Ernakulam,Kochi,3,14.9,19.0,5.5,19.2,Low,Heavy,High Risk,IRC:82-2015 Systematic Pavement Survey
Chennai Survey Corridor R-0170,Tamil Nadu,Chennai,Chennai,1,2.2,94.4,9.4,8.4,Medium,Heavy,Critical Risk,IRC:82-2015 Systematic Pavement Survey
Mysuru Survey Corridor R-0318,Karnataka,Mysuru,Mysuru,44,12.7,126.2,15.9,27.2,Medium,Heavy,Critical Risk,IRC:82-2015 Systematic Pavement Survey
Visakhapatnam Survey Corridor R-0228,Andhra Pradesh,Visakhapatnam,Visakhapatnam,37,9.2,123.7,12.4,32.0,Medium,Heavy,Critical Risk,IRC:82-2015 Systematic Pavement Survey
Hyderabad Survey Corridor R-0358,Telangana,Hyderabad,Hyderabad,33,10.8,45.3,11.1,27.7,High,Heavy,Critical Risk,IRC:82-2015 Systematic Pavement Survey
Mumbai Survey Corridor R-0331,Maharashtra,Mumbai Suburban,Mumbai,0,0.0,4.9,2.5,3.3,Medium,Moderate,Low Risk,IRC:82-2015 Systematic Pavement Survey
Madurai Survey Corridor R-0532,Tamil Nadu,Madurai,Madurai,30,5.5,31.5,8.5,25.9,Very High,Heavy,Critical Risk,IRC:82-2015 Systematic Pavement Survey
Hyderabad Survey Corridor R-1102,Telangana,Hyderabad,Hyderabad,26,7.1,58.4,7.9,25.3,Very High,Moderate,Critical Risk,IRC:82-2015 Systematic Pavement Survey
Mysuru Survey Corridor R-1026,Karnataka,Mysuru,Mysuru,24,10.7,68.2,17.3,28.9,Very High,Torrential,Critical Risk,IRC:82-2015 Systematic Pavement Survey
Delhi NCR Survey Corridor R-0587,Delhi,South Delhi,Delhi NCR,3,2.5,19.7,5.3,15.0,Very High,Moderate,Medium Risk,IRC:82-2015 Systematic Pavement Survey
Visakhapatnam Survey Corridor R-1092,Andhra Pradesh,Visakhapatnam,Visakhapatnam,31,9.2,136.8,10.4,5.9,Medium,Torrential,Critical Risk,IRC:82-2015 Systematic Pavement Survey
Madurai Survey Corridor R-0460,Tamil Nadu,Madurai,Madurai,34,5.2,48.6,11.5,25.6,Medium,Moderate,Critical Risk,IRC:82-2015 Systematic Pavement Survey
Madurai Survey Corridor R-0004,Tamil Nadu,Madurai,Madurai,23,10.5,20.4,6.2,18.8,High,Moderate,Critical Risk,IRC:82-2015 Systematic Pavement Survey
East Coast Road Scenic Coastal Highway (Thiruvanmiyur - Kovalam),Tamil Nadu,Chengalpattu,Chennai Suburban,2,1.5,10.0,2.2,22.0,High,Heavy,Low Risk,Verified Physical Survey (MoRTH / NHAI Registry)
Pune Survey Corridor R-1004,Maharashtra,Pune,Pune,1,1.9,79.1,5.6,8.9,High,Light,Critical Risk,IRC:82-2015 Systematic Pavement Survey
Visakhapatnam Survey Corridor R-0432,Andhra Pradesh,Visakhapatnam,Visakhapatnam,29,11.7,98.9,14.6,2.5,Low,Moderate,Critical Risk,IRC:82-2015 Systematic Pavement Survey
Mumbai Survey Corridor R-0319,Maharashtra,Mumbai Suburban,Mumbai,0,0.0,4.3,0.3,9.8,Medium,Heavy,Low Risk,IRC:82-2015 Systematic Pavement Survey
Mumbai Survey Corridor R-0127,Maharashtra,Mumbai Suburban,Mumbai,0,0.0,6.4,2.3,4.0,Medium,Heavy,Low Risk,IRC:82-2015 Systematic Pavement Survey
Mumbai Survey Corridor R-0703,Maharashtra,Mumbai Suburban,Mumbai,1,0.4,2.2,1.6,27.3,High,Torrential,Low Risk,IRC:82-2015 Systematic Pavement Survey
Visakhapatnam Survey Corridor R-0156,Andhra Pradesh,Visakhapatnam,Visakhapatnam,30,12.6,94.1,16.4,12.9,Medium,Light,Critical Risk,IRC:82-2015 Systematic Pavement Survey
Delhi NCR Survey Corridor R-0731,Delhi,South Delhi,Delhi NCR,7,5.3,31.8,3.8,6.1,Medium,Heavy,Medium Risk,IRC:82-2015 Systematic Pavement Survey
Pune Survey Corridor R-1016,Maharashtra,Pune,Pune,2,0.1,94.2,13.0,29.4,High,Moderate,Critical Risk,IRC:82-2015 Systematic Pavement Survey
Chennai Survey Corridor R-0818,Tamil Nadu,Chennai,Chennai,3,1.1,85.5,11.3,6.5,Low,Heavy,Critical Risk,IRC:82-2015 Systematic Pavement Survey
Coimbatore Survey Corridor R-0277,Tamil Nadu,Coimbatore,Coimbatore,1,0.9,8.1,0.4,33.5,Very High,Heavy,Low Risk,IRC:82-2015 Systematic Pavement Survey
Delhi NCR Survey Corridor R-0659,Delhi,South Delhi,Delhi NCR,8,5.4,19.4,7.6,34.0,Very High,Moderate,High Risk,IRC:82-2015 Systematic Pavement Survey
Mumbai Survey Corridor R-0235,Maharashtra,Mumbai Suburban,Mumbai,0,0.0,2.9,1.6,4.0,Low,Moderate,Low Risk,IRC:82-2015 Systematic Pavement Survey
Pune Survey Corridor R-0956,Maharashtra,Pune,Pune,3,2.0,38.3,9.1,34.3,High,Heavy,High Risk,IRC:82-2015 Systematic Pavement Survey
Delhi NCR Survey Corridor R-0395,Delhi,South Delhi,Delhi NCR,3,4.0,27.0,6.7,28.4,Medium,Heavy,Medium Risk,IRC:82-2015 Systematic Pavement Survey
Delhi NCR Survey Corridor R-0755,Delhi,South Delhi,Delhi NCR,7,4.8,28.5,6.0,1.6,Medium,Torrential,High Risk,IRC:82-2015 Systematic Pavement Survey
Bengaluru Survey Corridor R-0209,Karnataka,Bengaluru Urban,Bengaluru,7,5.7,26.9,6.3,19.5,Low,Light,Medium Risk,IRC:82-2015 Systematic Pavement Survey
Delhi NCR Survey Corridor R-0935,Delhi,South Delhi,Delhi NCR,6,5.7,13.5,5.4,32.0,Low,Moderate,Medium Risk,IRC:82-2015 Systematic Pavement Survey
Kochi Survey Corridor R-0141,Kerala,Ernakulam,Kochi,2,8.8,21.1,5.7,16.5,Very High,Torrential,High Risk,IRC:82-2015 Systematic Pavement Survey
Bengaluru Survey Corridor R-0101,Karnataka,Bengaluru Urban,Bengaluru,5,3.6,33.2,7.8,4.0,High,Light,High Risk,IRC:82-2015 Systematic Pavement Survey
Kochi Survey Corridor R-0669,Kerala,Ernakulam,Kochi,4,9.0,23.8,4.9,30.0,Low,Moderate,High Risk,IRC:82-2015 Systematic Pavement Survey
Bengaluru Survey Corridor R-0341,Karnataka,Bengaluru Urban,Bengaluru,8,5.9,36.4,3.2,6.6,Low,Light,Medium Risk,IRC:82-2015 Systematic Pavement Survey
Mysuru Survey Corridor R-0642,Karnataka,Mysuru,Mysuru,34,15.0,131.4,12.4,19.8,Medium,Moderate,Critical Risk,IRC:82-2015 Systematic Pavement Survey
Coimbatore Survey Corridor R-1069,Tamil Nadu,Coimbatore,Coimbatore,1,0.3,0.1,0.3,20.9,Medium,Heavy,Low Risk,IRC:82-2015 Systematic Pavement Survey
Coimbatore Survey Corridor R-0505,Tamil Nadu,Coimbatore,Coimbatore,0,0.0,4.0,0.6,33.6,High,Moderate,Low Risk,IRC:82-2015 Systematic Pavement Survey
Coimbatore Survey Corridor R-0961,Tamil Nadu,Coimbatore,Coimbatore,0,0.0,2.6,1.5,30.2,Medium,Light,Low Risk,IRC:82-2015 Systematic Pavement Survey
Bengaluru Survey Corridor R-0965,Karnataka,Bengaluru Urban,Bengaluru,5,4.3,15.2,7.8,22.6,Medium,Light,Medium Risk,IRC:82-2015 Systematic Pavement Survey
Visakhapatnam Survey Corridor R-1044,Andhra Pradesh,Visakhapatnam,Visakhapatnam,39,12.0,106.0,14.1,18.5,Low,Torrential,Critical Risk,IRC:82-2015 Systematic Pavement Survey
Coimbatore Survey Corridor R-0145,Tamil Nadu,Coimbatore,Coimbatore,2,0.3,0.9,0.9,25.7,High,Torrential,Low Risk,IRC:82-2015 Systematic Pavement Survey
Omalur Main Arterial Corridor (Salem New Bus Stand - Five Roads),Tamil Nadu,Salem,Salem,12,6.2,43.0,7.0,6.2,High,Moderate,High Risk,Verified Physical Survey (MoRTH / NHAI Registry)
Mumbai Survey Corridor R-0715,Maharashtra,Mumbai Suburban,Mumbai,0,0.0,2.1,0.8,30.1,Very High,Moderate,Low Risk,IRC:82-2015 Systematic Pavement Survey
Madurai Survey Corridor R-0448,Tamil Nadu,Madurai,Madurai,25,11.1,34.1,12.6,19.5,Low,Torrential,Critical Risk,IRC:82-2015 Systematic Pavement Survey
Mysuru Survey Corridor R-1182,Karnataka,Mysuru,Mysuru,44,17.5,118.1,11.8,16.3,Medium,Heavy,Critical Risk,IRC:82-2015 Systematic Pavement Survey
Mumbai Survey Corridor R-0031,Maharashtra,Mumbai Suburban,Mumbai,1,0.6,1.7,0.3,21.1,High,Torrential,Low Risk,IRC:82-2015 Systematic Pavement Survey
Kochi Survey Corridor R-0837,Kerala,Ernakulam,Kochi,4,15.1,9.5,4.1,12.2,High,Light,Critical Risk,IRC:82-2015 Systematic Pavement Survey
Visakhapatnam Survey Corridor R-0504,Andhra Pradesh,Visakhapatnam,Visakhapatnam,42,17.0,116.6,10.5,6.0,Low,Torrential,Critical Risk,IRC:82-2015 Systematic Pavement Survey
Pune Survey Corridor R-0716,Maharashtra,Pune,Pune,2,2.8,69.0,13.6,10.0,High,Moderate,Critical Risk,IRC:82-2015 Systematic Pavement Survey
Coimbatore Survey Corridor R-0181,Tamil Nadu,Coimbatore,Coimbatore,0,0.0,3.9,0.9,28.8,Low,Torrential,Low Risk,IRC:82-2015 Systematic Pavement Survey
Inner Ring Road (Jawaharlal Nehru Salai - Vadapalani Sector),Tamil Nadu,Chennai,Chennai,13,6.8,48.0,7.5,12.4,Very High,Heavy,Critical Risk,Verified Physical Survey (MoRTH / NHAI Registry)
Salem Survey Corridor R-0255,Tamil Nadu,Salem,Salem,3,8.6,10.1,6.6,12.5,Medium,Light,High Risk,IRC:82-2015 Systematic Pavement Survey
Visakhapatnam Survey Corridor R-0540,Andhra Pradesh,Visakhapatnam,Visakhapatnam,40,10.1,128.0,12.8,2.0,Low,Light,Critical Risk,IRC:82-2015 Systematic Pavement Survey
Salem Survey Corridor R-0327,Tamil Nadu,Salem,Salem,2,12.9,7.0,6.6,6.1,Very High,Torrential,High Risk,IRC:82-2015 Systematic Pavement Survey
Hyderabad Survey Corridor R-0106,Telangana,Hyderabad,Hyderabad,28,9.4,35.5,9.7,34.3,Low,Moderate,Critical Risk,IRC:82-2015 Systematic Pavement Survey
Visakhapatnam Survey Corridor R-0780,Andhra Pradesh,Visakhapatnam,Visakhapatnam,40,12.7,118.4,11.1,7.7,Medium,Moderate,Critical Risk,IRC:82-2015 Systematic Pavement Survey
Western Express Highway (Bandra - Andheri - Dahisar Sector),Maharashtra,Mumbai Suburban,Mumbai,27,13.8,94.0,12.8,25.3,Very High,Torrential,Critical Risk,Verified Physical Survey (MoRTH / NHAI Registry)
Hyderabad Survey Corridor R-0586,Telangana,Hyderabad,Hyderabad,20,12.7,60.6,12.7,30.2,High,Moderate,Critical Risk,IRC:82-2015 Systematic Pavement Survey
Chennai Survey Corridor R-1094,Tamil Nadu,Chennai,Chennai,0,0.0,111.8,12.9,28.8,Very High,Moderate,Critical Risk,IRC:82-2015 Systematic Pavement Survey
Salem Survey Corridor R-0771,Tamil Nadu,Salem,Salem,3,12.8,24.6,4.1,34.2,Very High,Heavy,High Risk,IRC:82-2015 Systematic Pavement Survey
Hyderabad Survey Corridor R-0502,Telangana,Hyderabad,Hyderabad,21,7.8,36.6,13.9,18.9,Very High,Heavy,Critical Risk,IRC:82-2015 Systematic Pavement Survey
Madurai Survey Corridor R-1168,Tamil Nadu,Madurai,Madurai,19,8.7,65.0,11.5,34.7,Very High,Moderate,Critical Risk,IRC:82-2015 Systematic Pavement Survey
Chennai Survey Corridor R-0626,Tamil Nadu,Chennai,Chennai,2,2.5,87.7,11.2,22.2,Low,Light,Critical Risk,IRC:82-2015 Systematic Pavement Survey
Kochi Survey Corridor R-0897,Kerala,Ernakulam,Kochi,3,12.3,10.9,4.2,32.2,Medium,Light,High Risk,IRC:82-2015 Systematic Pavement Survey
Kochi Survey Corridor R-0129,Kerala,Ernakulam,Kochi,4,12.4,11.1,7.8,4.0,High,Light,Critical Risk,IRC:82-2015 Systematic Pavement Survey
Salem Survey Corridor R-0915,Tamil Nadu,Salem,Salem,2,13.7,21.1,7.4,7.7,Low,Moderate,High Risk,IRC:82-2015 Systematic Pavement Survey
Salem Survey Corridor R-0639,Tamil Nadu,Salem,Salem,4,9.7,30.9,9.2,7.7,Low,Heavy,High Risk,IRC:82-2015 Systematic Pavement Survey
Mysuru Survey Corridor R-0450,Karnataka,Mysuru,Mysuru,34,15.6,84.0,12.6,27.9,High,Light,Critical Risk,IRC:82-2015 Systematic Pavement Survey
Chennai Survey Corridor R-1022,Tamil Nadu,Chennai,Chennai,0,0.0,98.7,12.7,11.4,Medium,Torrential,Critical Risk,IRC:82-2015 Systematic Pavement Survey
Mysuru Survey Corridor R-0414,Karnataka,Mysuru,Mysuru,38,14.7,107.3,15.6,9.1,High,Torrential,Critical Risk,IRC:82-2015 Systematic Pavement Survey
Madurai Survey Corridor R-0796,Tamil Nadu,Madurai,Madurai,30,10.6,54.3,7.5,3.0,High,Light,Critical Risk,IRC:82-2015 Systematic Pavement Survey
Salem Survey Corridor R-0687,Tamil Nadu,Salem,Salem,2,12.3,13.6,6.4,11.2,Very High,Heavy,High Risk,IRC:82-2015 Systematic Pavement Survey
Visakhapatnam Survey Corridor R-0192,Andhra Pradesh,Visakhapatnam,Visakhapatnam,29,11.1,62.0,17.0,1.7,High,Light,Critical Risk,IRC:82-2015 Systematic Pavement Survey
Eastern Freeway Elevated Corridor (Orange Gate - Chembur),Maharashtra,Mumbai City,Mumbai,2,1.2,8.0,3.2,16.8,Very High,Torrential,Low Risk,Verified Physical Survey (MoRTH / NHAI Registry)
Salem Survey Corridor R-0399,Tamil Nadu,Salem,Salem,2,8.3,14.1,7.6,32.9,Very High,Light,High Risk,IRC:82-2015 Systematic Pavement Survey
Pune Survey Corridor R-1124,Maharashtra,Pune,Pune,2,0.2,50.9,5.4,26.3,High,Heavy,High Risk,IRC:82-2015 Systematic Pavement Survey
Visakhapatnam Survey Corridor R-0216,Andhra Pradesh,Visakhapatnam,Visakhapatnam,24,13.9,137.0,12.7,22.5,Medium,Light,Critical Risk,IRC:82-2015 Systematic Pavement Survey
Mumbai Survey Corridor R-0895,Maharashtra,Mumbai Suburban,Mumbai,0,0.0,1.1,1.1,32.5,Low,Moderate,Low Risk,IRC:82-2015 Systematic Pavement Survey
Salem Survey Corridor R-1155,Tamil Nadu,Salem,Salem,2,8.7,25.6,8.0,13.2,Very High,Light,High Risk,IRC:82-2015 Systematic Pavement Survey
Coimbatore Survey Corridor R-0325,Tamil Nadu,Coimbatore,Coimbatore,0,0.0,2.3,2.6,2.3,Very High,Torrential,Low Risk,IRC:82-2015 Systematic Pavement Survey
Coimbatore Survey Corridor R-0745,Tamil Nadu,Coimbatore,Coimbatore,0,0.0,1.3,0.3,16.8,Medium,Torrential,Low Risk,IRC:82-2015 Systematic Pavement Survey
Mumbai Survey Corridor R-0283,Maharashtra,Mumbai Suburban,Mumbai,0,0.0,0.4,2.0,33.3,High,Moderate,Low Risk,IRC:82-2015 Systematic Pavement Survey
Coimbatore Survey Corridor R-0709,Tamil Nadu,Coimbatore,Coimbatore,0,0.0,7.5,0.3,16.8,High,Moderate,Low Risk,IRC:82-2015 Systematic Pavement Survey
Hyderabad Survey Corridor R-0070,Telangana,Hyderabad,Hyderabad,32,8.1,76.2,6.3,15.2,Low,Light,Critical Risk,IRC:82-2015 Systematic Pavement Survey
Mumbai Survey Corridor R-0811,Maharashtra,Mumbai Suburban,Mumbai,0,0.0,7.9,2.5,8.6,Low,Light,Low Risk,IRC:82-2015 Systematic Pavement Survey
Mumbai Survey Corridor R-1063,Maharashtra,Mumbai Suburban,Mumbai,0,0.0,8.9,1.2,26.6,Medium,Heavy,Low Risk,IRC:82-2015 Systematic Pavement Survey
Salem Survey Corridor R-0027,Tamil Nadu,Salem,Salem,4,10.4,13.5,3.3,21.7,Medium,Torrential,High Risk,IRC:82-2015 Systematic Pavement Survey
Mysuru Survey Corridor R-0270,Karnataka,Mysuru,Mysuru,21,15.0,124.6,16.1,28.1,High,Light,Critical Risk,IRC:82-2015 Systematic Pavement Survey
Chennai Survey Corridor R-1178,Tamil Nadu,Chennai,Chennai,1,3.0,87.9,9.7,10.8,Very High,Moderate,Critical Risk,IRC:82-2015 Systematic Pavement Survey
Hyderabad Survey Corridor R-0406,Telangana,Hyderabad,Hyderabad,17,6.1,24.1,8.1,2.6,Low,Torrential,High Risk,IRC:82-2015 Systematic Pavement Survey
Coimbatore Survey Corridor R-0061,Tamil Nadu,Coimbatore,Coimbatore,0,0.0,1.4,0.5,12.6,Very High,Light,Low Risk,IRC:82-2015 Systematic Pavement Survey
Visakhapatnam Survey Corridor R-0984,Andhra Pradesh,Visakhapatnam,Visakhapatnam,44,10.3,105.5,16.9,20.8,Medium,Moderate,Critical Risk,IRC:82-2015 Systematic Pavement Survey
Salem Survey Corridor R-1035,Tamil Nadu,Salem,Salem,5,13.4,19.9,9.7,11.2,Low,Light,Critical Risk,IRC:82-2015 Systematic Pavement Survey
Chennai Survey Corridor R-1070,Tamil Nadu,Chennai,Chennai,3,0.6,98.8,13.2,5.9,Low,Heavy,Critical Risk,IRC:82-2015 Systematic Pavement Survey
Pune Survey Corridor R-0800,Maharashtra,Pune,Pune,3,1.4,35.6,5.3,19.8,Very High,Light,Medium Risk,IRC:82-2015 Systematic Pavement Survey
Hyderabad Survey Corridor R-1066,Telangana,Hyderabad,Hyderabad,22,10.7,45.0,7.2,4.2,Medium,Torrential,Critical Risk,IRC:82-2015 Systematic Pavement Survey
